nome,Idade,CEP,CPF,Estado,Cidade, Data de nascimento,Data de nascimento,Pedidos,Valor gasto,Pedido mais caro,Pedido mais barato,média mensal de pedidos,média mensal de gasto
MARIA,21,82148-546,676.239.681-68,Pará,Parauapebas,2002-01-08,28,710.38,425,106,57.0,59.2
JOSE,43,43881-298,531.938.753-34,Amazonas,Tefé,1980-08-14,45,1717.33,165,160,3.8,143.11
ANA,47,10102-642,382.307.919-40,Tocantins,Paraíso do Tocantins,1975-10-21,55,1196.06,213,190,4.6,99.67
JOAO,14,68956-810,250.898.638-69,Rondônia,Guajará-Mirim,2009-04-26,45,1055.34,548,131,3.8,87.94
ANTONIO,14,89996-824,484.606.725-91,Pará,Belém,2009-08-03,30,1036.16,479,129623,0.0,86.35
FRANCISCO,69,37751-622,256.214.348-87,Acre,Rio Branco,1954-09-22,20,592.7,193,267,1.7,49.39
CARLOS,14,91554-486,305.516.405-96,Amapá,Laranjal do Jari,2009-05-03,49,1462.56,421,158,68.0,121.88
PAULO,60,29212-888,586.618.431-78,Rondônia,Jaru,1963-07-24,5,182.29,297,26828,0.4,15.19
PEDRO,26,32551-206,386.324.339-16,Tocantins,Dianópolis,1997-06-01,17,590.78,386,124,1.4,49.23
LUCAS,12,25403-233,684.531.671-45,Tocantins,Araguatins,2011-04-07,19,607.62,289,222,0.0,50.64
LUIZ,47,59242-910,819.602.267-44,Pará,Castanhal,1976-03-02,53,1638.45,206621,187761,0.0,136.54
MARCOS,12,94429-821,657.384.464-25,Roraima,Mucajaí,2011-09-07,31,1163.22,102,240,2.6,96.94
LUIS,37,58091-216,545.204.463-53,Acre,Cruzeiro do Sul,1986-06-04,16,600.37,157,220,1.3,50.03
GABRIEL,67,13640-849,259.358.510-76,Tocantins,Guaraí,1956-07-16,35,1059.61,459,229,76.0,88.3
RAFAEL,62,45084-492,454.646.874-81,Pará,Abaetetuba,1960-11-07,52,1662.97,107,239,0.0,138.58
FRANCISCA,49,12280-467,184.876.759-34,Rondônia,Rolim de Moura,1974-05-18,52,1674.05,213415,0,0.0,139.5
DANIEL,33,22293-260,427.908.460-16,Acre,Feijó,1990-05-07,51,1446.14,241,247,4.2,120.51
MARCELO,53,68619-153,648.408.202-85,Acre,Plácido de Castro,1970-09-28,1,25.8,517,227,0.0,2.15
BRUNO,65,53522-905,196.876.994-61,Tocantins,Gurupi,1958-01-22,37,978.16,461,108,3.1,81.51
EDUARDO,25,20096-362,934.994.232-30,Pará,Itaituba,1998-04-12,2,56.28,512,6459,0.2,4.69
FELIPE,26,25511-939,315.605.992-41,Tocantins,Palmas,1997-07-03,20,665.19,250,90418,1.7,85001.0
RAIMUNDO,67,75009-943,501.651.355-32,Pará,Castanhal,1956-01-09,48,1268.97,102,245,4.0,105.75
RODRIGO,46,52308-728,658.955.641-90,Acre,Epitaciolândia,1977-06-20,16,467.34,354,150,1.3,38.94
MANOEL,53,76502-938,460.409.726-31,Pará,Abaetetuba,1970-01-11,53,1909.64,206,171,0.0,159.14
ANTONIA,41,29364-860,620.944.735-47,Amazonas,São Gabriel da Cachoeira,1981-10-11,37,1317.37,194137,115,3.1,109.78
MATEUS,45,21978-677,836.846.906-69,Amazonas,Tabatinga,1978-05-19,48,1381.54,316,118,4.0,115.13
ANDRE,55,11940-946,300.541.581-57,Amazonas,Itacoatiara,1967-11-27,43,1246.8,147688,236,3.6,103.9
ADRIANA,55,88632-522,572.943.992-31,Roraima,Caracaraí,1968-01-08,45,1688.55,466,218,3.8,140.71
JULIANA,69,90305-887,877.431.737-26,Pará,Ananindeua,1954-04-10,19,635.98,119,214,0.0,53.0
MARCIA,37,83723-554,499.965.864-28,Roraima,Alto Alegre,1986-09-09,18,548.78,454,199,0.0,45.73
FERNANDO,45,44825-876,360.728.180-69,Roraima,São João da Baliza,1978-03-05,33,823.17,371,135,2.8,68.6
FABIO,37,14748-574,422.628.415-33,Pará,Santarém,1986-03-07,21,550.7,250,194,81.0,45.89
LEONARDO,44,90664-580,163.647.351-57,Amazonas,Coari,1979-02-09,15,383.76,301,192,1.2,31.98
GUSTAVO,37,84268-923,190.156.352-46,Tocantins,Araguatins,1986-09-22,18,648.56,287,166,0.0,54.05
FERNANDA,68,62022-603,612.295.577-27,Acre,Plácido de Castro,1955-04-26,40,921.03,542,185,3.3,76.75
PATRICIA,41,23815-597,144.111.681-22,Roraima,Caracaraí,1982-09-26,55,1700.28,383,136,4.6,197147.0
GUILHERME,45,12288-256,599.591.708-22,Amazonas,Tabatinga,1978-04-12,41,952.79,543,208,0.0,0.0
ALINE,56,71831-211,614.472.573-72,Tocantins,Paraíso do Tocantins,1966-10-17,28,973.05,221,110418,84.0,81.09
LEANDRO,21,75865-175,555.452.737-16,Amazonas,Manacapuru,2002-03-12,53,1435.05,131,181133,0.0,166235.0
TIAGO,52,95353-937,303.177.725-21,Amapá,Porto Grande,1971-07-09,41,926.57,133254,131,0.0,77.21
SANDRA,62,68752-600,806.953.681-74,Tocantins,Araguatins,1961-05-06,42,949.17,0,103,86.0,79.1
ANDERSON,28,19781-788,731.613.362-85,Rondônia,Cacoal,1995-05-13,11,403.38,248,234,0.9,33.62
CAMILA,19,65487-452,781.905.511-82,Pará,Bragança,2003-11-07,39,1313.74,522,144,3.2,109.48
RICARDO,56,56133-772,924.890.530-87,Amazonas,Manicoré,1967-04-16,30,972.2,361,0,0.0,81.02
MARCIO,22,93595-512,550.583.887-64,Acre,Brasiléia,2001-01-05,27,874.98,244,233,2.2,0.0
AMANDA,66,49492-606,263.731.538-33,Tocantins,Araguatins,1957-06-28,18,502.73,369,190,0.0,41.89
JORGE,69,33601-956,444.772.155-86,Acre,Plácido de Castro,1954-01-27,2,69.93,474,265,0.2,5.83
SEBASTIAO,34,21701-277,637.691.628-14,Tocantins,Palmas,1989-08-18,16,518.5,365,67296,1.3,43.21
BRUNA,35,90761-915,677.484.923-75,Acre,Senador Guiomard,1988-03-24,7,226.85,268,223,86.0,18.9
JESSICA,35,17304-325,294.955.384-39,Amapá,Mazagão,1988-07-07,50,1439.1,486,193,4.2,119.92
ALEXANDRE,31,97791-191,835.760.627-37,Rondônia,Vilhena,1991-12-03,22,680.11,468,240,1.8,56.68
ROBERTO,35,27022-922,278.605.856-98,Acre,Brasiléia,1988-02-08,21,770.08,552,110108,86.0,64.17
LETICIA,21,40511-857,374.986.968-73,Acre,Brasiléia,2001-11-20,54,1830.54,179,201,4.5,152.54
EDSON,39,90356-622,604.657.571-54,Tocantins,Araguatins,1984-03-11,3,74.19,288,132,0.2,6.18
JULIA,68,48167-465,519.437.516-56,Amazonas,Tabatinga,1955-08-01,16,538.97,491,118,1.3,44.91
LUCIANA,14,35254-796,826.400.392-98,Amazonas,Itacoatiara,2009-09-21,26,981.15,157,155,2.2,81.76
DIEGO,56,60862-872,334.371.482-25,Tocantins,Gurupi,1967-05-30,24,813.57,242,132,0.0,67.8
VITOR,18,59098-658,773.368.230-80,Amazonas,Manaus,2004-11-23,37,867.73,499,149,3.1,72.31
VANESSA,43,17404-140,282.126.712-97,Rondônia,Ouro Preto do Oeste,1980-06-10,20,609.75,544,263,1.7,50.81
SERGIO,45,78576-153,418.846.347-50,Amazonas,Manicoré,1978-08-19,49,1838.64,317,103,82.0,153.22
MARIANA,31,99702-689,419.125.261-57,Roraima,Mucajaí,1992-08-16,15,521.28,215,210,1.2,43.44
GABRIELA,27,98101-756,193.252.748-15,Pará,Itaituba,1995-11-24,10,353.91,503,263,0.8,29.49
VERA,35,12956-320,585.670.648-34,Roraima,Alto Alegre,1988-06-26,13,371.4,412,54676,0.0,30.95
VITORIA,28,94920-608,272.479.304-93,Roraima,São João da Baliza,1994-11-26,5,133.25,104,14301,0.4,11.1
LARISSA,49,84229-276,938.361.882-71,Amapá,Laranjal do Jari,1974-06-02,14,426.83,497,236,62.0,35.57
CLAUDIA,64,51803-704,372.438.517-48,Tocantins,Guaraí,1959-09-12,41,1494.75,362,121,0.0,124.56
BEATRIZ,33,55256-948,404.458.147-45,Roraima,Pacaraima,1990-01-13,33,823.17,294,206,2.8,68.6
RITA,41,53277-651,450.606.633-92,Amapá,Macapá,1981-12-01,19,437.49,415,181,0.0,36.46
LUANA,48,25969-899,471.555.780-70,Acre,Feijó,1974-10-30,34,1239.55,333,236,2.8,103.3
SONIA,64,57998-689,760.551.139-18,Tocantins,Porto Nacional,1959-03-15,5,158.83,376,115,0.4,13.24
CLAUDIO,31,85302-340,171.921.225-47,Tocantins,Palmas,1991-11-21,27,823.17,482,153,2.2,68.6
MATHEUS,42,57297-122,303.208.268-88,Acre,Senador Guiomard,1981-08-18,46,1216.1,0,133,0.0,132238.0
RENATA,58,55075-923,228.985.411-29,Amazonas,Tefé,1965-03-27,36,1174.31,325,228,0.0,97.86
ELIANE,65,65480-771,688.756.533-52,Acre,Sena Madureira,1957-12-04,54,1462.13,577,255,4.5,121.84
THIAGO,69,92084-933,931.427.176-24,Roraima,Mucajaí,1953-11-26,49,1598.37,552,187,76.0,133.2
JOSEFA,57,91604-948,443.920.949-92,Amazonas,Tabatinga,1966-02-23,25,730.21,86455,192,2.1,60.85
SIMONE,43,12984-269,202.964.929-23,Amazonas,Tabatinga,1980-05-04,2,69.93,330,268,0.2,5.83
GERALDO,69,39466-804,298.225.311-79,Tocantins,Colinas do Tocantins,1954-09-16,21,725.31,239,262,62.0,60.44
ADRIANO,54,41996-559,134.852.410-96,Amapá,Oiapoque,1968-10-03,5,176.96,486,235,0.4,14.75
LUCIANO,17,84635-967,868.184.411-38,Acre,Cruzeiro do Sul,2006-03-30,55,1242.96,424,151,4.6,103.58
JULIO,37,69885-368,262.990.565-58,Rondônia,Cacoal,1986-07-14,19,627.88,103,143,0.0,0.0
NATALIA,37,54614-488,743.979.544-85,Pará,Belém,1985-12-13,50,1066.0,500,118,4.2,88.83
RENATO,42,92525-657,145.156.694-49,Amapá,Pedra Branca do Amapari,1981-09-11,54,1220.36,576,218,4.5,101.7
CRISTIANE,66,92453-567,932.829.589-87,Pará,Abaetetuba,1956-11-24,50,1417.78,260,251,4.2,118.15
CARLA,41,91325-727,678.844.962-60,Pará,São Félix do Xingu,1982-04-18,46,1441.66,366,106,0.0,120.14
DEBORA,61,73733-995,571.521.609-10,Roraima,Mucajaí,1962-08-28,45,1362.35,456,145,3.8,113.53
ROSANGELA,59,72158-120,441.624.855-48,Rondônia,Ji-Paraná,1964-05-08,25,719.55,526,254,2.1,59.96
ALEX,52,48448-646,487.971.135-33,Amapá,Calçoene,1971-01-19,5,157.77,297,183,0.4,13.15
JAQUELINE,44,47981-685,701.373.251-23,Roraima,Alto Alegre,1978-12-29,54,1312.46,169,166,4.5,179577.0
ROSA,41,24709-957,248.284.652-76,Roraima,Uiramutã,1982-07-31,24,552.62,60891,215,0.0,46.05
APARECIDA,26,44264-316,737.868.600-16,Amapá,Laranjal do Jari,1997-04-22,32,982.43,471,153,2.7,81.87
DANIELA,57,79556-837,495.432.629-74,Acre,Brasiléia,1966-04-21,52,1186.25,199,186,0.0,98.85
VINICIUS,44,40201-683,604.414.565-82,Pará,Parauapebas,1979-05-03,41,1066.43,549,240,0.0,88.87
MARLENE,29,37264-196,782.959.870-74,Rondônia,Jaru,1994-02-22,31,1116.96,375,263,2.6,0.0
TEREZINHA,69,99432-615,844.535.975-87,Acre,Epitaciolândia,1953-11-20,12,289.1,294,149,0.0,24.09
RAIMUNDA,51,99703-345,130.106.202-18,Acre,Rio Branco,1972-04-10,27,805.9,232,145,2.2,67.16
ROGERIO,18,81146-337,223.869.559-74,Roraima,Mucajaí,2005-01-19,2,46.05,382,111,0.2,3.84
SAMUEL,53,98724-211,969.715.204-66,Rondônia,Guajará-Mirim,1970-08-06,15,361.38,511,234,1.2,30.12
ANDREIA,46,37167-889,699.888.446-84,Tocantins,Gurupi,1976-12-12,31,918.68,227,186,2.6,76.56
FABIANA,49,76275-661,197.156.100-39,Amapá,Oiapoque,1974-05-17,42,1584.93,172420,260,78.0,0.0
LUCIA,45,35208-950,577.189.882-58,Amapá,Calçoene,1977-10-15,19,712.94,84239,227,0.0,59.41
RAQUEL,52,58628-386,527.663.900-90,Roraima,Mucajaí,1971-04-26,44,1444.65,512,185,3.7,120.39
ANGELA,31,59464-551,554.890.547-37,Roraima,São Luiz,1991-10-17,39,964.52,339,104,3.2,80.38
RAFAELA,62,86594-765,839.593.121-79,Tocantins,Formoso do Araguaia,1961-01-14,27,828.92,256,211,2.2,69.08
RONALDO,61,86262-450,727.190.448-41,Acre,Senador Guiomard,1962-03-23,18,506.56,253,121,0.0,42.21
JOANA,69,22779-780,306.110.794-15,Amapá,Tartarugalzinho,1954-06-14,4,120.25,283,150,0.3,0.0
MARIO,51,38082-696,329.208.907-66,Amapá,Santana,1971-11-23,4,150.09,251,138,0.3,12.51
FLAVIO,19,70080-297,936.206.432-26,Pará,Bragança,2004-07-05,53,1853.14,188332,127,0.0,154.43
DOUGLAS,28,94149-404,442.786.219-21,Roraima,Boa Vista,1995-07-30,39,1097.56,0,257,3.2,91.46
IGOR,63,45761-692,713.779.939-42,Roraima,Bonfim,1960-01-07,8,271.19,385,179,0.7,22.6
LUZIA,23,15749-566,369.828.626-38,Amazonas,Tefé,1999-11-19,1,29.21,155,121,0.0,2.43
ELAINE,54,99746-935,659.624.871-95,Roraima,São João da Baliza,1968-11-01,40,1253.62,379,170,3.3,104.47
DAVI,46,13520-834,206.453.649-51,Acre,Cruzeiro do Sul,1977-05-26,15,508.48,332,226,1.2,42.37
MANUEL,52,90943-305,431.919.642-32,Amapá,Santana,1971-06-16,20,520.21,543,129,1.7,43.35
REGINA,60,34377-540,845.372.334-53,Roraima,Alto Alegre,1963-05-19,48,1207.57,566,131,4.0,100.63
JEFERSON,26,51665-545,506.586.273-18,Rondônia,Ariquemes,1996-12-15,36,859.63,121,179,0.0,71.64
DANIELE,24,90050-672,727.589.319-57,Acre,Brasiléia,1998-10-05,35,1305.85,0,158,79.0,108.82
CICERO,28,63745-379,223.383.148-70,Roraima,São Luiz,1995-07-06,40,1236.56,164,232,3.3,103.05
SUELI,56,26623-137,260.205.128-17,Amapá,Mazagão,1967-07-23,50,1769.57,101,216,4.2,147.46
DAIANE,29,19394-490,313.396.221-55,Amazonas,Tefé,1993-11-25,26,648.56,267,269,2.2,54.05
ALESSANDRA,44,12741-900,688.790.588-88,Roraima,Uiramutã,1978-10-03,25,570.31,70873,199,2.1,47.53
VICTOR,42,22410-202,516.608.659-16,Amapá,Tartarugalzinho,1980-11-28,49,1253.62,175,191,57.0,104.47
MIGUEL,35,83034-537,216.917.823-37,Amapá,Cutias,1988-07-03,51,1609.24,560,205,4.2,134.1
ISABEL,36,98861-332,400.264.711-17,Amazonas,Tefé,1987-09-02,55,1348.49,112,142,4.6,112.37
ROBSON,19,94900-678,262.551.830-10,Pará,Bragança,2003-10-12,51,1554.87,488,128,4.2,129.57
MAURICIO,32,92761-667,565.256.494-48,Rondônia,Ariquemes,1990-11-24,20,635.34,553,128,1.7,52.94
SARA,58,31609-338,736.451.875-61,Amapá,Mazagão,1965-03-19,31,806.33,249,143,2.6,102324.0
BIANCA,28,78220-363,727.584.454-41,Amazonas,Itacoatiara,1995-03-14,52,1374.72,253,145,0.0,114.56
FLAVIA,56,47537-357,615.775.623-72,Acre,Plácido de Castro,1967-09-21,26,637.47,538,71184,2.2,53.12
DANILO,64,54921-159,501.823.321-57,Tocantins,Paraíso do Tocantins,1959-02-22,4,88.69,371,216,0.3,7.39
ERICA,45,50900-617,333.138.212-17,Amazonas,Humaitá,1978-08-30,8,213.2,163,105,0.7,17.77
VIVIANE,36,35908-291,295.720.523-95,Pará,Ananindeua,1987-01-05,47,1152.35,157,159,0.0,96.03
HENRIQUE,54,94834-898,694.131.729-43,Rondônia,Ji-Paraná,1969-08-23,55,1559.56,117,141,4.6,129.96
CAIO,65,69325-593,991.824.947-61,Rondônia,Ouro Preto do Oeste,1958-03-29,3,107.45,11805,263,0.2,8.95
REGINALDO,53,49031-718,314.828.540-84,Tocantins,Dianópolis,1970-01-23,43,1420.98,127,166,3.6,118.42
SILVANA,51,73934-262,513.404.340-85,Amapá,Tartarugalzinho,1972-06-24,3,92.74,393,167,0.2,7.73
PRISCILA,37,15891-229,460.298.546-70,Amazonas,Manaus,1985-11-29,51,1848.45,254,262098,4.2,154.04
PAULA,65,79285-668,848.175.563-93,Pará,Marabá,1957-11-26,30,684.37,254,217,0.0,57.03
LUIZA,49,18545-157,533.953.747-24,Pará,Belém,1974-07-24,16,392.29,49966,47747,1.3,32.69
TEREZA,47,36713-258,606.140.709-81,Pará,Itaituba,1976-09-23,31,1011.21,298,100,2.6,84.27
ISABELA,37,44682-662,296.604.704-43,Amapá,Laranjal do Jari,1986-04-22,21,519.36,375,216,97.0,43.28
MARTA,24,66660-432,889.395.636-95,Acre,Sena Madureira,1999-07-16,29,908.87,112852,239,0.0,75.74
JOAQUIM,56,48068-806,553.976.956-23,Tocantins,Formoso do Araguaia,1967-06-17,46,1167.06,414,108,0.0,97.26
BENEDITO,20,18680-442,617.385.410-30,Rondônia,Vilhena,2003-09-22,55,1547.84,511,215,4.6,0.0
GILBERTO,31,74296-316,651.441.240-46,Rondônia,Rolim de Moura,1991-11-27,42,976.03,515,226,98.0,81.34
CAROLINE,37,31064-860,432.959.663-57,Acre,Plácido de Castro,1986-06-24,39,1446.78,564,190,3.2,120.56
JANAINA,56,67642-792,938.619.652-59,Amazonas,Manaus,1967-07-18,8,180.79,365,161,0.7,15.07
LAURA,37,45983-494,400.856.167-28,Rondônia,Guajará-Mirim,1986-01-15,52,1197.34,170,165523,0.0,99.78
MARLI,21,59054-474,587.921.703-47,Rondônia,Ji-Paraná,2002-04-11,34,978.59,468,221,2.8,81.55
TATIANE,18,54428-637,792.910.703-32,Amazonas,São Gabriel da Cachoeira,2005-06-05,8,289.95,508,134,0.7,24.16
MARINA,36,78346-588,404.360.676-10,Rondônia,Guajará-Mirim,1987-08-20,25,772.85,201,224,2.1,64.4
MARCO,61,50585-941,978.954.220-81,Tocantins,Palmas,1962-05-25,15,323.0,523,222,1.2,26.92
ALAN,41,36198-583,905.231.212-91,Rondônia,Cacoal,1982-01-21,20,716.35,566,203,1.7,59.7
SILVIA,49,48174-543,913.798.953-18,Acre,Sena Madureira,1974-09-16,15,412.54,407,255,1.2,34.38
MONICA,24,59937-795,455.886.178-89,Roraima,Caracaraí,1999-05-22,3,65.24,516,251,0.2,5.44
TAIS,44,85846-175,980.632.576-51,Tocantins,Araguaína,1979-04-06,14,402.95,416,268,87.0,33.58
MICHELE,61,66067-267,224.612.355-59,Rondônia,Ariquemes,1961-10-25,40,1475.35,111,186,3.3,122.95
NELSON,47,14156-541,531.527.378-51,Tocantins,Porto Nacional,1976-06-28,37,1143.82,381,242,3.1,95.32
SOLANGE,33,86932-438,443.293.686-94,Amapá,Calçoene,1990-08-14,46,1010.14,205,106,0.0,84.18
EDNA,22,87744-978,968.683.675-22,Pará,São Félix do Xingu,2001-06-25,15,450.92,431,113,1.2,37.58
FATIMA,23,20124-921,291.404.770-68,Tocantins,Colinas do Tocantins,2000-05-26,29,1032.53,145632,131,0.0,86.04
HELENA,57,91452-503,863.348.578-36,Rondônia,Pimenta Bueno,1966-02-22,22,600.37,271,236,1.8,50.03
CRISTIANO,43,78032-376,342.329.971-39,Tocantins,Colinas do Tocantins,1980-07-28,7,264.16,356,194,82.0,31622.0
CRISTINA,34,50664-871,808.650.876-92,Roraima,Caracaraí,1988-10-20,47,1002.04,135,234,0.0,83.5
ALICE,68,81051-583,387.276.473-77,Pará,São Félix do Xingu,1955-04-23,4,130.48,200,164,0.3,10.87
CAROLINA,68,81755-787,260.579.901-42,Amazonas,Tefé,1955-08-31,3,81.23,120,0,0.2,6.77
ROSANA,22,34890-709,847.359.832-43,Amazonas,Tabatinga,2001-04-05,1,22.17,432,166,0.0,1.85
ELIAS,49,49075-358,293.580.875-73,Tocantins,Formoso do Araguaia,1974-02-06,23,760.06,503,109,0.0,63.34
WILSON,23,38287-369,302.653.202-66,Amazonas,Manaus,1999-10-28,24,665.19,237,74209,0.0,55.43
VALDIR,33,91693-209,542.153.676-42,Rondônia,Guajará-Mirim,1990-03-22,42,1253.62,451,165,89.0,104.47
ANDRESSA,68,68549-347,304.212.554-56,Tocantins,Guaraí,1955-04-28,35,1186.46,0,117,99.0,98.87
CELIA,62,37245-236,197.739.585-33,Rondônia,Guajará-Mirim,1960-12-17,20,456.25,343,152,1.7,38.02
VALERIA,25,62730-394,853.447.900-31,Amazonas,Itacoatiara,1998-08-14,10,317.67,424,196,0.8,26.47
ELIANA,46,59713-580,739.533.262-25,Tocantins,Dianópolis,1977-09-29,14,507.42,234,184,81.0,42.28
SABRINA,49,42514-331,113.552.199-40,Pará,Itaituba,1974-05-17,23,554.11,494,243,0.0,46.18
EMERSON,34,54571-405,221.658.576-45,Pará,Castanhal,1989-04-12,50,1908.15,299,210,4.2,159.01
ANDREA,34,10733-698,197.475.511-50,Amapá,Santana,1989-01-10,28,955.14,489,202,66.0,0.0
LUAN,23,51191-142,623.656.363-58,Roraima,Mucajaí,2000-09-23,30,677.98,82936,168,0.0,56.5
DAVID,41,85501-772,723.938.860-18,Pará,Bragança,1982-05-27,6,181.65,165,255,0.0,15.14
TANIA,18,83695-981,894.114.523-41,Tocantins,Araguaína,2004-10-05,41,1512.23,539,169201,0.0,126.02
BARBARA,57,35153-186,640.904.353-49,Amapá,Santana,1966-09-30,40,1466.82,574,201,3.3,122.24
RENAN,34,70719-952,342.274.506-14,Tocantins,Colinas do Tocantins,1989-07-09,4,150.95,550,214,0.3,12.58
SEVERINO,47,45128-731,453.147.451-89,Roraima,Uiramutã,1976-06-19,49,1556.58,426,253,99.0,129.72
THAIS,58,24776-537,693.210.923-70,Roraima,Uiramutã,1965-03-22,35,1246.16,137691,159291,89.0,103.85
DENISE,56,62117-567,448.200.637-25,Roraima,São João da Baliza,1967-05-02,39,1080.93,478,231,3.2,0.0
ROSELI,48,56093-652,599.715.316-27,Tocantins,Guaraí,1974-12-09,6,131.76,118,111,0.0,10.98
FABRICIO,34,93942-826,517.787.495-50,Amapá,Calçoene,1989-09-27,18,648.56,319,201,0.0,54.05
MAURO,39,33537-901,394.948.930-65,Acre,Rio Branco,1983-10-08,38,1174.74,251,181,3.2,97.9
GISELE,44,90729-837,774.934.180-63,Roraima,Bonfim,1979-05-22,11,368.2,389,135,0.9,30.68
JONAS,63,97377-552,971.910.604-62,Amapá,Pedra Branca do Amapari,1960-01-16,44,1228.89,124518,111,3.7,102.41
MARILENE,14,50900-716,195.621.515-96,Tocantins,Guaraí,2009-01-16,7,234.31,437,174,100.0,19.53
KATIA,16,46911-518,742.834.822-96,Roraima,São Luiz,2007-09-15,34,1036.58,541,139,2.8,86.38
EVA,24,19080-351,582.964.224-98,Tocantins,Porto Nacional,1999-09-08,9,262.88,320,148,0.8,21.91
GILMAR,59,25340-189,876.452.638-84,Pará,Castanhal,1964-01-28,38,1385.38,274,244,3.2,115.45
MILENA,62,91051-877,598.514.855-13,Tocantins,Formoso do Araguaia,1961-01-26,12,355.62,265,109,0.0,29.64
JEAN,25,10079-161,443.421.516-24,Amazonas,Tefé,1998-07-16,46,1235.71,470,217,0.0,0.0
FABIANO,48,76891-435,484.105.904-86,Rondônia,Ji-Paraná,1974-11-13,54,1531.21,224624,112,4.5,0.0
WESLEY,20,10621-945,894.231.104-26,Amapá,Calçoene,2003-09-22,14,513.39,198,0,69.0,42.78
DIOGO,35,41796-497,200.993.408-11,Acre,Senador Guiomard,1987-11-22,20,737.67,211,198,1.7,61.47
ADILSON,43,83829-950,683.714.385-91,Pará,Abaetetuba,1980-04-17,39,989.46,530,240,3.2,82.46
JAIR,27,80997-767,969.413.596-32,Pará,Castanhal,1996-09-16,17,521.92,147,203,1.4,43.49
EDUARDA,31,38484-160,373.458.178-58,Tocantins,Araguatins,1991-10-27,25,794.17,576,112,2.1,66.18
ALESSANDRO,41,47839-679,572.221.152-82,Amazonas,Tefé,1982-06-27,7,240.28,254,104,74.0,20.02
EVERTON,45,59029-759,474.351.256-34,Pará,Parauapebas,1978-09-06,50,1503.07,421,124,4.2,125.26
OSVALDO,19,18102-549,456.634.904-86,Amapá,Mazagão,2004-07-21,6,223.86,457,180,0.0,18.66
ELISANGELA,31,96082-838,330.145.111-34,Acre,Sena Madureira,1992-04-17,50,1886.83,208230,206,4.2,157.24
VILMA,36,60309-429,899.746.581-30,Rondônia,Ariquemes,1987-02-16,30,761.13,174,148,0.0,63.43
GEOVANA,26,59074-575,769.342.410-68,Amapá,Laranjal do Jari,1997-05-31,43,1164.29,323,259,3.6,97.02
GILSON,65,61813-815,940.769.699-21,Tocantins,Araguatins,1958-04-22,33,802.06,104824,222,2.8,66.84
LUCIENE,39,60044-696,515.628.683-63,Roraima,Uiramutã,1984-04-25,14,420.86,450,100,90.0,35.07
WILLIAN,19,72534-258,173.936.631-90,Acre,Xapuri,2004-06-27,26,703.99,314,176,2.2,58.67
JOEL,31,15842-711,460.665.248-69,Pará,Marabá,1991-10-04,30,965.8,480,137,0.0,80.48
TAMIRES,14,41790-931,601.843.354-91,Roraima,Uiramutã,2008-10-08,13,310.42,481,173,0.0,25.87
TATIANA,46,18367-282,106.488.841-79,Roraima,Mucajaí,1977-07-27,2,43.49,118,200,0.2,3.62
ROBERTA,23,98287-546,509.422.658-20,Tocantins,Colinas do Tocantins,2000-05-19,31,1077.3,201,141,2.6,89.78
ELZA,69,94714-845,407.174.768-10,Roraima,São Luiz,1954-09-08,48,1442.94,202710,209,4.0,120.24
TALITA,51,51020-148,942.437.868-60,Roraima,Alto Alegre,1972-08-10,13,393.57,50547,165,0.0,32.8
SILVIO,40,44198-184,596.588.807-66,Pará,Belém,1983-06-26,41,979.02,143743,173,0.0,81.58
MARCELA,64,33732-756,206.595.648-92,Amazonas,Coari,1959-02-20,48,1402.01,348,259,4.0,116.83
PAMELA,21,12176-951,387.519.879-45,Pará,Marabá,2001-11-29,25,708.89,224,192,2.1,59.07
HELIO,23,65448-931,424.432.620-31,Tocantins,Porto Nacional,2000-09-17,40,1006.31,146,265,3.3,83.86
VANIA,16,35723-268,728.617.786-10,Acre,Cruzeiro do Sul,2006-10-15,32,1221.21,511,133,2.7,101.77
IRENE,51,14926-533,763.165.385-11,Amapá,Tartarugalzinho,1972-02-14,13,396.34,225,204,0.0,33.03
JOSIANE,39,74435-252,929.509.468-15,Acre,Sena Madureira,1984-04-14,11,304.88,319,253,0.9,0.0
LIVIA,32,62135-974,746.765.264-72,Rondônia,Ouro Preto do Oeste,1990-10-15,30,1016.97,219,127,0.0,84.75
MAICON,32,14224-996,545.988.151-25,Acre,Cruzeiro do Sul,1991-05-05,10,366.71,460,261,0.8,30.56
REINALDO,61,18200-716,912.412.769-85,Rondônia,Guajará-Mirim,1962-01-24,41,1503.49,354,165,0.0,125.29
PABLO,43,92868-892,241.701.629-59,Pará,Abaetetuba,1980-07-12,15,524.47,503,236,1.2,43.71
ARTUR,19,44177-261,939.144.551-75,Pará,Santarém,2004-03-25,21,774.56,518,182,87.0,64.55
VAGNER,39,70832-731,939.309.208-51,Acre,Feijó,1984-06-03,38,980.3,104358,144215,3.2,142962.0
CINTIA,15,92436-111,135.670.826-14,Roraima,Boa Vista,2008-03-15,26,604.21,325,231,2.2,50.35
IVONE,31,45740-844,613.774.255-76,Tocantins,Formoso do Araguaia,1992-01-14,52,1529.93,247,176,0.0,127.49
VALTER,61,30295-426,273.249.530-87,Pará,Bragança,1962-05-02,40,1108.64,463,135,3.3,92.39
CELSO,19,71488-171,430.408.758-76,Amapá,Mazagão,2004-06-13,14,453.69,410,187,95.0,37.81
LAIS,33,93846-827,740.610.847-24,Tocantins,Araguatins,1990-04-21,11,279.08,375,128,0.9,23.26
IVAN,12,40224-619,586.979.885-25,Amazonas,Manaus,2011-08-01,54,1542.72,0,267,4.5,128.56
CLEITON,65,64371-799,446.572.778-25,Amazonas,Manacapuru,1958-03-27,49,1295.41,109,178780,72.0,107.95
BENEDITA,52,72315-836,255.621.776-67,Roraima,Rorainópolis,1971-09-14,41,1284.96,473,230,0.0,107.08
SEBASTIANA,30,14194-351,334.773.228-30,Roraima,Uiramutã,1992-10-18,20,524.47,444,179,1.7,43.71
TAINA,26,83784-588,495.671.129-43,Pará,Ananindeua,1997-02-26,48,1616.91,268,186,4.0,134.74
JOICE,31,84281-661,576.857.498-50,Tocantins,Araguatins,1992-03-15,26,576.49,463,174,2.2,67695.0
VANDERLEI,64,79355-691,291.266.459-77,Acre,Sena Madureira,1958-12-11,32,1009.72,410,262,2.7,84.14
MIRIAN,19,76243-648,667.555.562-86,Amazonas,Manaus,2004-01-09,20,622.55,224,224,1.7,51.88
VICENTE,27,45129-830,436.335.462-28,Tocantins,Porto Nacional,1995-11-25,26,726.16,483,125,2.2,60.51
ARTHUR,51,85759-164,336.103.954-89,Pará,Ananindeua,1972-01-07,25,580.97,313,238,2.1,48.41
MILTON,46,33594-717,277.638.347-80,Tocantins,Porto Nacional,1977-07-30,34,1007.59,111,188,2.8,83.97
DOMINGOS,58,30374-476,724.390.213-22,Acre,Brasiléia,1964-12-23,38,850.67,249,177,3.2,70.89
WAGNER,51,35739-862,484.320.885-80,Tocantins,Colinas do Tocantins,1972-01-02,17,398.69,565,131,1.4,33.22
SANDRO,13,75284-319,923.876.828-80,Amapá,Santana,2009-11-26,50,1822.87,465,124,4.2,151.91
MOISES,31,27428-195,778.558.778-87,Amapá,Porto Grande,1991-12-19,35,768.59,146,165,96.0,64.05
EDILSON,21,18688-855,654.688.375-41,Amazonas,Manicoré,2002-01-24,50,1609.67,104,103,4.2,134.14
ELIZABETE,31,61446-808,121.865.658-97,Roraima,Pacaraima,1991-12-03,15,447.72,508,191,1.2,37.31
ANGELICA,49,63116-278,673.394.457-71,Roraima,Alto Alegre,1974-01-14,28,764.11,574,224,65.0,63.68
ADEMIR,38,22932-625,684.375.707-91,Acre,Sena Madureira,1985-03-29,21,644.72,507,214,79.0,53.73
GABRIELE,27,35426-119,889.352.257-79,Rondônia,Pimenta Bueno,1996-02-23,36,821.25,174,136,0.0,68.44
ADAO,66,51959-617,311.841.764-66,Roraima,Bonfim,1957-09-24,35,1193.92,145206,140,86.0,99.49
EVANDRO,56,20009-840,502.443.475-14,Rondônia,Ariquemes,1966-10-20,46,1745.69,222202,138,0.0,145.47
BRENDA,32,50076-163,555.931.491-41,Rondônia,Pimenta Bueno,1990-12-26,13,327.05,0,125,0.0,27.25
VERONICA,21,33272-407,551.435.910-50,Amapá,Laranjal do Jari,2001-12-18,51,1924.56,536,256,4.2,160.38
CESAR,16,14166-483,962.724.925-24,Amazonas,Humaitá,2007-03-22,53,1615.85,497,234,0.0,134.65
ROSILENE,58,18594-680,736.166.404-19,Roraima,São João da Baliza,1965-03-24,17,474.8,0,183,1.4,39.57
KARINA,60,20942-739,279.594.219-90,Amapá,Macapá,1963-07-19,39,1263.85,152527,160,3.2,105.32
VALMIR,26,99245-277,447.119.178-36,Tocantins,Paraíso do Tocantins,1997-03-18,4,139.01,312,169,0.3,11.58
NAIR,27,89641-662,182.354.576-49,Tocantins,Paraíso do Tocantins,1996-06-03,32,818.69,155,222,2.7,68.22
MURILO,36,14845-596,736.184.522-50,Pará,São Félix do Xingu,1987-09-12,31,1130.18,578,254,2.6,94.18
NEUSA,25,82695-187,854.165.355-89,Acre,Feijó,1998-06-16,29,661.56,373,161,0.0,55.13
MARGARIDA,30,49411-236,205.373.639-27,Roraima,Boa Vista,1992-12-03,52,1618.62,579,140,0.0,134.88
JULIANO,19,63625-211,496.180.373-25,Pará,Ananindeua,2004-03-14,30,671.58,242,245,0.0,55.96
NEUZA,45,50068-347,508.335.636-36,Amapá,Mazagão,1978-08-22,11,297.84,580,143,0.9,24.82
EDVALDO,35,50083-446,423.662.287-78,Pará,Castanhal,1988-05-09,11,349.44,315,181,0.9,29.12
AILTON,30,60446-243,738.997.563-93,Pará,Abaetetuba,1993-02-03,6,145.83,201,164,0.0,12.15
NEIDE,44,32155-895,495.875.438-61,Rondônia,Rolim de Moura,1979-09-25,6,211.07,475,223,0.0,17.59
RAISSA,58,60377-464,207.980.263-26,Amapá,Calçoene,1965-02-15,32,948.32,135,231,2.7,79.03
MAIARA,20,87388-434,403.680.257-64,Amapá,Santana,2002-12-21,35,1231.23,422,178,74.0,102.6
JUNIOR,15,29286-382,815.783.112-72,Amapá,Tartarugalzinho,2008-07-10,25,618.28,354,162,2.1,51.52
LORENA,19,11667-618,921.959.708-29,Amapá,Cutias,2004-03-14,11,321.29,42661,238,0.9,26.77
FRANCIELE,64,90541-967,358.821.330-75,Amazonas,Humaitá,1959-01-25,4,140.71,341,182,0.3,11.73
BRENO,67,98320-197,979.381.656-74,Acre,Brasiléia,1955-12-31,21,671.58,524,223,76.0,55.96
NICOLAS,55,81433-187,398.949.759-21,Amazonas,Manacapuru,1967-11-01,12,327.48,211,156,0.0,27.29
SAMARA,29,13054-266,965.993.262-65,Pará,São Félix do Xingu,1994-09-20,10,302.75,41692,145,0.8,25.23
LILIAN,23,46568-514,329.701.850-63,Roraima,Caracaraí,2000-09-08,17,442.18,206,237,1.4,36.85
RUAN,69,49093-512,896.840.450-40,Roraima,Mucajaí,1953-11-02,36,1266.41,166,156,0.0,105.53
JANETE,12,59204-284,710.584.557-87,Rondônia,Pimenta Bueno,2011-04-03,48,1524.81,394,132,4.0,127.07
CICERA,40,97675-301,819.814.313-40,Roraima,Mucajaí,1983-02-02,37,1167.49,229,253,3.1,97.29
ALBERTO,37,61779-241,325.777.375-90,Pará,Santarém,1985-10-17,44,956.84,262,221,3.7,79.74
GIOVANA,57,86717-210,644.342.153-12,Acre,Xapuri,1965-12-07,53,1920.94,578,219,0.0,160.08
SEVERINA,44,71443-580,422.838.290-12,Tocantins,Porto Nacional,1978-10-03,18,422.14,286,116,0.0,35.18
LARA,21,86704-565,344.615.200-67,Roraima,Boa Vista,2002-06-30,23,549.21,240,111,0.0,45.77
CLEIDE,14,20079-684,952.332.136-22,Tocantins,Palmas,2009-09-11,40,955.14,268,206,3.3,79.6
RUBENS,29,54933-915,253.153.849-22,Amapá,Pedra Branca do Amapari,1994-04-27,46,1216.1,0,137,0.0,158730.0
NICOLE,41,73644-424,938.226.964-73,Amazonas,Coari,1981-12-22,27,685.01,360,199,2.2,57.08
NILTON,25,31568-872,750.958.370-56,Roraima,Mucajaí,1998-03-14,4,132.18,453,220,0.3,11.02
AUGUSTO,68,59346-313,190.917.173-78,Amapá,Tartarugalzinho,1955-02-12,13,374.17,40785,118,0.0,31.18
CECILIA,63,38021-772,466.288.251-52,Rondônia,Guajará-Mirim,1960-06-06,1,30.27,0,248,0.0,2.52
YASMIN,20,76464-445,227.186.964-98,Roraima,Boa Vista,2002-10-27,8,293.36,120,248,0.7,24.45
CLEBER,17,15077-746,879.215.750-85,Acre,Xapuri,2006-07-30,54,1577.26,417,116,4.5,131.44
OSMAR,38,23151-560,390.848.674-25,Pará,Marabá,1985-02-15,18,648.56,279,192,0.0,54.05
CONCEICAO,39,56072-255,302.228.593-76,Acre,Senador Guiomard,1984-03-15,1,34.33,470,158,0.0,2.86
INGRID,40,70800-812,700.862.740-76,Rondônia,Ouro Preto do Oeste,1982-11-07,55,2052.06,548,0,4.6,171.0
SELMA,52,69116-338,872.966.347-83,Amapá,Pedra Branca do Amapari,1971-08-21,46,1520.12,181,114,0.0,126.68
LEILA,58,82521-191,593.510.509-46,Rondônia,Pimenta Bueno,1965-07-11,32,982.43,353,248,2.7,81.87
NILSON,30,98636-346,399.612.606-30,Tocantins,Formoso do Araguaia,1992-11-02,35,1208.85,128,112,69.0,100.74
RAIANE,69,82720-584,846.891.329-41,Acre,Epitaciolândia,1954-09-02,51,1130.82,465,225,4.2,94.24
ORLANDO,67,92919-787,609.751.118-97,Rondônia,Ariquemes,1956-07-30,37,1246.37,132844,170680,3.1,103.86
HUGO,13,56000-392,963.709.568-92,Tocantins,Colinas do Tocantins,2010-07-30,5,179.09,23448,165,0.4,14.92
OTAVIO,27,14767-732,850.794.899-30,Tocantins,Araguatins,1996-06-19,6,154.78,301,184,0.0,12.9
ESTER,31,43373-316,143.105.275-31,Pará,São Félix do Xingu,1992-04-05,4,105.75,320,212,0.3,8.81
VINICIOS,46,33396-273,954.886.885-55,Pará,Santarém,1977-02-07,8,274.6,376,238,0.7,22.88
REGIANE,60,60475-722,828.215.791-28,Amazonas,Tefé,1963-01-24,19,413.18,184,55001,0.0,34.43
ITALO,53,51744-272,487.338.345-64,Amapá,Tartarugalzinho,1969-11-23,16,477.57,542,152,1.3,39.8
MARISA,49,84616-631,588.968.779-82,Pará,São Félix do Xingu,1974-02-03,45,1352.76,539,218,3.8,112.73
EUNICE,23,60389-975,925.265.889-50,Acre,Feijó,2000-09-24,49,1629.71,262,124,78.0,135.81
KELLY,19,62115-390,270.477.772-45,Acre,Tarauacá,2004-06-16,18,479.7,196,141,0.0,39.98
WILIAN,50,15660-717,568.661.152-64,Roraima,São Luiz,1973-04-09,22,722.32,362,266,1.8,60.19
TAINARA,13,53549-644,605.164.359-61,Pará,São Félix do Xingu,2010-01-20,27,673.5,204,110,2.2,56.12
IARA,19,56673-573,951.563.847-88,Acre,Senador Guiomard,2004-08-11,29,1112.91,449,128,0.0,92.74
ALISSON,37,31548-977,970.735.915-76,Amapá,Oiapoque,1986-09-09,42,1164.08,254,259,80.0,97.01
APARECIDO,56,36614-855,779.193.490-98,Pará,Itaituba,1967-07-31,30,1023.36,266,164,0.0,85.28
ISRAEL,25,91418-214,353.712.536-25,Acre,Brasiléia,1997-12-26,15,447.72,180,145,1.2,37.31
JOELMA,37,13715-210,505.144.389-96,Roraima,Rorainópolis,1986-04-14,51,1913.69,408,116,4.2,159.47
MARINALVA,68,38865-253,755.149.189-90,Pará,Bragança,1955-09-08,37,1001.83,503,154,3.1,83.49
EDMILSON,52,75478-408,170.288.717-47,Tocantins,Formoso do Araguaia,1970-12-18,10,330.46,279,185,0.8,27.54
TERESINHA,38,91028-214,936.936.429-29,Pará,Belém,1984-12-22,26,837.03,121717,0,2.2,69.75
REBECA,34,11385-941,126.907.520-98,Amapá,Santana,1989-08-21,10,351.78,486,202,0.8,29.32
GERALDA,54,66370-861,161.802.797-13,Tocantins,Araguaína,1969-02-10,13,457.32,545,109,0.0,38.11
JOSUE,43,22972-576,899.845.614-22,Roraima,São João da Baliza,1980-08-01,43,990.1,212,234,3.6,136341.0
CLEONICE,22,90194-291,311.302.738-78,Rondônia,Ouro Preto do Oeste,2001-07-12,7,207.44,167,133,57.0,17.29
ALEXANDRA,47,12574-826,256.364.159-18,Amapá,Pedra Branca do Amapari,1976-01-17,42,1396.89,330,248,78.0,116.41
MARA,30,76468-488,671.851.966-88,Tocantins,Paraíso do Tocantins,1992-10-31,51,1109.07,130,110,4.2,92.42
JENIFER,51,24695-155,551.167.353-48,Tocantins,Porto Nacional,1972-04-03,39,906.32,167,100,3.2,75.53
ELIZANGELA,27,28632-783,905.507.277-53,Rondônia,Ji-Paraná,1996-06-12,3,76.75,517,130,0.2,0.0
LILIANE,32,10208-893,728.214.756-55,Amazonas,Tefé,1991-07-18,45,1630.99,443,231,3.8,135.92
LIDIA,64,76076-475,743.581.924-68,Roraima,Pacaraima,1959-07-28,14,417.87,432,100,69.0,34.82
IRACEMA,19,98320-467,745.415.271-61,Pará,Castanhal,2003-11-06,45,1371.95,139554,143,3.8,114.33
LIDIANE,30,92825-191,568.222.770-66,Pará,São Félix do Xingu,1993-04-24,9,328.12,203,213,0.8,27.34
IRACI,27,21194-306,529.939.334-90,Amazonas,Humaitá,1995-10-16,8,274.6,282,208,0.7,22.88
MARILIA,31,59095-899,386.479.435-35,Amazonas,Tabatinga,1992-06-20,7,158.19,344,184,64.0,13.18
GERSON,67,13148-495,957.214.301-24,Rondônia,Jaru,1956-03-28,42,1477.48,156038,157519,78.0,123.12
SHEILA,35,47294-533,870.673.988-96,Rondônia,Ouro Preto do Oeste,1988-03-19,11,361.16,386,123,0.9,30.1
INES,47,84853-349,415.853.756-11,Tocantins,Colinas do Tocantins,1976-06-10,50,1428.44,167,206891,4.2,119.04
NAIARA,64,11928-969,633.201.602-63,Amazonas,Manicoré,1958-10-18,32,709.53,352,146,2.7,59.13
CAUA,59,87649-145,145.688.916-34,Amazonas,Itacoatiara,1964-02-17,40,861.33,332,120201,3.3,71.78
POLIANA,32,56588-295,313.422.663-90,Amazonas,Manacapuru,1991-01-14,17,547.29,252,188,1.4,45.61
SIDNEI,22,12066-371,237.497.240-62,Acre,Cruzeiro do Sul,2001-06-27,16,422.99,571,226,1.3,35.25
DALVA,17,88937-931,700.684.655-38,Amapá,Porto Grande,2006-09-23,34,1138.07,354,183,2.8,94.84
LURDES,56,43761-990,951.605.517-53,Roraima,Rorainópolis,1967-09-26,28,925.29,230,185,88.0,77.11
TERESA,47,26712-744,841.453.729-18,Rondônia,Porto Velho,1976-01-20,15,358.18,386,227,1.2,0.0
ZILDA,53,39198-739,622.431.307-27,Roraima,Uiramutã,1969-11-14,33,851.31,177,244,2.8,70.94
LUCILENE,29,99484-748,955.448.862-43,Amazonas,São Gabriel da Cachoeira,1994-03-25,36,836.6,408,202,0.0,69.72
CLARA,42,22643-311,834.555.250-16,Amapá,Oiapoque,1981-08-15,6,199.56,144,214,0.0,16.63
EMANUEL,63,54856-536,701.731.538-98,Pará,Itaituba,1960-04-10,8,223.43,243,167,0.7,18.62
ROSANE,13,76113-632,533.784.670-11,Acre,Xapuri,2010-01-27,39,1371.95,165591,244,3.2,114.33
VALDEMAR,37,43181-291,172.767.431-42,Amapá,Laranjal do Jari,1985-10-08,11,412.76,362,256,0.9,34.4
IVONETE,59,91015-431,756.608.787-24,Acre,Plácido de Castro,1964-06-13,9,262.88,171,140,0.8,21.91
JAIME,49,16262-303,124.570.123-38,Roraima,Pacaraima,1974-08-11,55,1489.21,534,144,4.6,124.1
EDIVALDO,58,83857-806,355.506.496-77,Amazonas,Coari,1965-02-16,2,65.67,144,237,0.2,5.47
LUCIANE,40,31083-822,620.845.283-32,Amazonas,São Gabriel da Cachoeira,1983-03-04,40,1398.6,580,253,3.3,116.55
ISADORA,32,14987-429,919.341.558-72,Amazonas,Manicoré,1990-12-27,13,277.16,216,130,0.0,23.1
ARNALDO,47,59839-505,115.675.838-21,Acre,Senador Guiomard,1975-11-03,16,549.21,498,174,1.3,45.77
NILZA,27,49618-391,852.761.186-14,Tocantins,Formoso do Araguaia,1996-07-26,40,912.5,344,265,3.3,76.04
MOACIR,12,91491-221,991.239.456-34,Tocantins,Araguatins,2011-08-16,24,690.77,141,167,0.0,57.56
DAMIAO,68,47200-503,630.443.546-43,Amapá,Macapá,1954-10-31,51,1337.41,148,194469,4.2,111.45
PALOMA,26,15489-428,403.922.323-55,Acre,Brasiléia,1997-03-14,28,835.75,299,154,72.0,69.65
ISMAEL,34,88273-366,557.475.979-84,Amapá,Laranjal do Jari,1989-02-15,37,922.95,345,219,3.1,76.91
CARMEM,26,10588-677,235.483.342-88,Rondônia,Pimenta Bueno,1997-03-15,11,363.51,287,268,0.9,30.29
NIVALDO,29,61928-973,914.319.774-76,Amapá,Pedra Branca do Amapari,1994-04-05,43,1540.16,513,167841,3.6,128.35
SUELEN,23,42481-960,726.854.585-29,Amazonas,Humaitá,2000-07-07,21,492.49,430,111,74.0,41.04
JAIRO,16,33852-841,562.712.688-87,Acre,Sena Madureira,2007-07-11,55,1934.8,195,207,4.6,161.23
ISAIAS,49,75405-201,923.351.974-21,Amapá,Pedra Branca do Amapari,1973-11-05,12,319.8,217,108,0.0,26.65
MICHEL,54,92405-922,104.982.505-14,Tocantins,Paraíso do Tocantins,1969-05-27,4,133.89,102,251,0.3,11.16
ROSIMEIRE,41,29359-562,219.806.375-94,Acre,Cruzeiro do Sul,1982-08-23,44,1210.13,101,143,3.7,100.84
ANGELO,54,26375-221,625.979.537-23,Amazonas,Coari,1969-05-20,9,330.03,297,131,0.8,27.5
CRISTIAN,69,58930-464,833.822.803-19,Tocantins,Palmas,1953-12-28,14,388.03,182,211,82.0,32.34
WELLINGTON,61,36251-996,417.773.568-10,Amapá,Mazagão,1961-11-12,30,780.31,485,176,0.0,65.03
CLEUSA,41,42329-602,120.389.108-25,Rondônia,Pimenta Bueno,1982-01-19,25,863.46,537,229,2.1,71.96
ALEXANDRO,16,19590-683,721.666.838-14,Acre,Feijó,2007-05-26,51,1772.34,412,231,4.2,147.7
VANDA,32,33701-132,595.139.748-66,Amapá,Porto Grande,1991-01-26,5,109.8,381,237,0.4,9.15
ILDA,16,51094-504,956.245.534-32,Acre,Plácido de Castro,2007-09-29,26,837.03,114458,0,2.2,121292.0
JANE,60,67280-587,473.915.410-32,Amazonas,Manicoré,1963-04-24,10,309.14,576,231,0.8,25.76
ELIENE,30,48082-749,613.505.690-21,Amapá,Tartarugalzinho,1993-09-12,15,323.0,199,210,1.2,26.92
VALDEMIR,46,86272-750,622.338.237-83,Roraima,Rorainópolis,1977-09-06,36,982.43,103,133,0.0,81.87
WANDERSON,60,64803-880,904.295.698-33,Amazonas,Manicoré,1963-09-13,55,1934.8,325,156,4.6,161.23
JAILSON,17,61769-414,683.925.297-78,Roraima,Mucajaí,2006-06-06,7,265.65,210,159,61.0,22.14
DENIS,38,12629-751,187.949.704-90,Amapá,Calçoene,1985-06-29,44,1444.65,163,243,3.7,0.0
MAYARA,39,95163-787,941.647.914-23,Amapá,Calçoene,1984-01-14,48,1688.55,316,172,4.0,140.71
RIAN,31,48324-878,567.461.110-45,Amazonas,Manacapuru,1991-12-20,7,167.15,234,234,85.0,13.93
CELIO,32,65789-633,175.375.504-80,Amapá,Porto Grande,1991-09-13,23,833.61,496,215,0.0,69.47
DIANA,18,13054-497,166.497.878-15,Tocantins,Palmas,2004-10-31,38,842.57,322,231,3.2,70.21
SOFIA,18,71032-316,195.487.716-75,Amazonas,Coari,2005-07-12,37,970.28,539,161,3.1,80.86
CLAUDINEI,14,94068-533,391.111.702-33,Rondônia,Guajará-Mirim,2009-01-20,2,66.09,312,241,0.2,7135.0
DENILSON,46,69420-251,631.749.354-24,Amazonas,Humaitá,1977-09-04,46,1726.07,281,109,0.0,143.84
ARIANE,58,93181-438,108.242.732-92,Amazonas,Humaitá,1965-03-28,48,1125.7,111,194,4.0,93.81
SUZANA,25,24943-863,401.537.723-80,Amazonas,São Gabriel da Cachoeira,1998-04-19,32,961.96,142815,134,2.7,80.16
MARIANE,59,63665-678,364.396.119-17,Pará,Parauapebas,1964-05-17,22,717.63,171,221,1.8,59.8
IAGO,44,16055-890,634.383.338-84,Acre,Epitaciolândia,1979-08-11,43,916.76,218,136,3.6,76.4
EDER,58,36765-871,492.466.844-17,Rondônia,Guajará-Mirim,1964-10-16,38,1255.75,139,141,3.2,104.65
CLARICE,23,46960-548,589.962.556-48,Acre,Xapuri,1999-10-06,3,104.89,240,109,0.2,8.74
YURI,51,54922-798,571.562.865-85,Roraima,São João da Baliza,1971-12-25,8,279.72,141,156,0.7,23.31
DAIANA,38,30443-332,780.668.752-42,Amazonas,Coari,1984-11-06,9,274.39,515,118,0.8,22.87
CHARLES,25,55381-179,504.291.785-15,Amazonas,São Gabriel da Cachoeira,1998-06-20,55,1313.32,217,262,4.6,109.44
MARLON,15,43404-963,482.871.167-22,Pará,Abaetetuba,2007-10-12,1,31.98,236,228,0.0,2.66
ALISON,25,24526-924,994.178.704-87,Amapá,Macapá,1997-11-16,23,637.47,308,69675,0.0,53.12
JONATAN,40,13073-947,161.426.599-38,Roraima,Caracaraí,1983-02-08,19,510.4,197,234,0.0,42.53
ERIC,67,64498-446,658.111.956-70,Tocantins,Formoso do Araguaia,1956-09-02,34,869.86,413,267,2.8,72.49
EDILENE,57,95400-887,288.212.123-94,Rondônia,Ji-Paraná,1966-05-30,42,1459.57,271,157,96.0,121.63
ELTON,34,22851-266,408.998.675-38,Amazonas,Tabatinga,1989-09-19,49,1807.3,204,205,91.0,150.61
VALDECIR,15,16390-815,315.974.830-47,Amazonas,Coari,2007-11-03,52,1385.8,113,132,0.0,115.48
MIRIAM,20,88534-531,984.995.483-74,Pará,Castanhal,2002-11-19,34,1188.81,446,161,2.8,99.07
WESLEI,64,96730-456,789.871.785-27,Amazonas,Parintins,1958-11-10,25,868.79,231,189,2.1,72.4
ELISABETE,44,12161-841,539.839.462-71,Amapá,Santana,1979-01-10,44,1322.7,317,212,3.7,110.22
ELIETE,29,49992-238,165.134.905-55,Pará,Itaituba,1994-06-21,36,1189.66,104,105,0.0,99.14
NATANAEL,33,83570-944,481.801.770-53,Rondônia,Guajará-Mirim,1990-04-16,28,650.69,563,196,70.0,54.22
ERICK,39,38597-922,668.794.619-86,Amapá,Porto Grande,1984-01-25,6,129.2,199,206,0.0,10.77
KARINE,60,30472-942,229.326.463-96,Roraima,Uiramutã,1962-11-24,27,1024.64,462,110,2.2,85.39
AGNALDO,38,96762-491,765.165.207-96,Tocantins,Araguatins,1985-06-19,47,1182.41,461,172,0.0,98.53
JUSSARA,40,17770-495,916.865.349-22,Amapá,Pedra Branca do Amapari,1983-09-15,5,175.89,219,224,0.4,14.66
IZABEL,52,30002-460,392.174.617-97,Amapá,Porto Grande,1970-12-22,55,2063.78,391,135,4.6,171.98
KAUAN,67,81741-111,990.748.586-85,Tocantins,Formoso do Araguaia,1956-02-05,1,31.13,265,248,0.0,2.59
ODETE,50,86580-789,156.317.134-74,Rondônia,Ouro Preto do Oeste,1973-08-09,54,2060.8,514,237,4.5,171.73
KAREN,54,87081-328,727.332.830-24,Acre,Tarauacá,1969-06-17,27,794.39,501,229,2.2,66.2
LUISA,20,68340-930,567.440.656-10,Pará,Abaetetuba,2003-06-20,50,1247.22,144819,107,4.2,103.94
ODAIR,58,55775-372,352.215.802-95,Rondônia,Ouro Preto do Oeste,1965-05-31,1,30.27,0,250,0.0,2.52
CASSIA,64,36549-155,909.187.988-82,Roraima,Bonfim,1959-06-23,25,580.97,515,129,2.1,48.41
ALANA,49,13723-879,884.830.310-85,Acre,Brasiléia,1973-10-06,33,1252.34,186,130,2.8,104.36
MONIQUE,19,33593-968,949.137.616-96,Roraima,Bonfim,2003-12-08,23,632.57,126,186,0.0,52.71
CATIA,41,34150-262,926.372.189-62,Amazonas,Humaitá,1982-02-24,19,429.39,242,207,0.0,56200.0
WALTER,43,99380-640,253.307.392-12,Rondônia,Cacoal,1979-11-21,1,22.6,112,265,0.0,1.88
LUCIMAR,51,26212-652,304.260.421-14,Acre,Xapuri,1972-03-05,39,947.89,201,165,3.2,78.99
DEISE,47,36920-114,855.354.611-40,Amazonas,Humaitá,1976-01-02,25,719.55,554,121,2.1,59.96
ARLINDO,44,54153-871,150.860.117-47,Acre,Epitaciolândia,1978-11-08,37,1143.82,341,157,3.1,95.32
ISABELE,69,66463-889,482.541.576-15,Pará,Santarém,1954-07-08,15,482.9,464,123,1.2,40.24
KEILA,42,30629-534,221.877.488-41,Amazonas,Tefé,1981-07-15,24,567.97,321,115,0.0,47.33
EVELIN,63,59363-280,425.124.508-80,Tocantins,Porto Nacional,1960-03-27,18,402.95,141,180,0.0,33.58
ANDREZA,26,72253-310,437.378.740-93,Tocantins,Gurupi,1996-12-10,28,967.08,398,222,64.0,80.59
ADRIELE,37,18335-228,540.914.688-45,Acre,Cruzeiro do Sul,1986-09-12,5,109.8,489,218,0.4,9.15
MICHAEL,26,43339-510,688.836.761-46,Pará,Bragança,1997-07-04,21,541.74,542,246,58.0,45.14
JOSEANE,17,21947-766,102.633.286-86,Roraima,São João da Baliza,2005-11-08,8,293.36,264,162,0.7,24.45
ALVARO,34,25470-298,832.249.447-41,Pará,Belém,1989-02-25,27,903.76,281,213,2.2,75.31
GEOVANE,40,95710-488,300.127.189-73,Amapá,Tartarugalzinho,1983-02-17,37,1222.71,154,242,3.1,101.89
LOURDES,42,17601-914,548.494.217-12,Pará,Marabá,1981-01-05,22,492.49,485,254,1.8,41.04
YASMIM,18,14358-954,737.729.679-14,Amazonas,Parintins,2005-06-14,36,798.22,443,112615,0.0,66.52
EVERALDO,64,30455-642,481.482.430-18,Amazonas,Itacoatiara,1958-11-03,49,1796.86,456,125,78.0,149.74
EZEQUIEL,35,94538-569,873.507.243-84,Rondônia,Jaru,1988-04-08,17,376.94,541,123,1.4,31.41
ALMIR,22,24960-922,634.480.721-67,Roraima,Pacaraima,2000-10-08,19,660.28,82980,114,0.0,55.02
ALZIRA,54,89499-228,790.865.391-31,Pará,Abaetetuba,1969-09-15,19,696.74,492,124,0.0,58.06
CARINA,15,88613-905,661.558.698-62,Acre,Epitaciolândia,2008-05-05,13,498.89,68341,200,0.0,41.57
IVO,43,80747-403,849.532.863-26,Acre,Xapuri,1979-11-15,25,799.5,526,219,2.1,66.62
ERIKA,29,39500-274,911.543.656-63,Pará,Ananindeua,1994-05-13,8,209.79,170,238,0.7,17.48
ADEMAR,55,10781-516,467.315.937-22,Rondônia,Pimenta Bueno,1968-04-27,6,135.6,424,128,0.0,11.3
GISLAINE,24,29941-954,399.678.562-48,Rondônia,Ji-Paraná,1999-07-25,41,996.5,134,169,0.0,83.04
RAMON,66,98487-593,485.454.202-45,Pará,São Félix do Xingu,1957-02-16,39,1330.37,409,198376,3.2,110.86
VALDECI,27,40224-496,825.538.156-86,Tocantins,Colinas do Tocantins,1996-02-04,18,686.93,206,157,0.0,57.24
EMILY,24,75985-172,227.225.910-31,Rondônia,Guajará-Mirim,1999-01-14,29,896.51,128,204,0.0,74.71
JAMILE,68,50953-580,226.133.875-71,Tocantins,Palmas,1954-12-03,15,518.08,60903,59406,1.2,43.17
CLAUDETE,31,46842-542,788.402.404-40,Amazonas,Manacapuru,1992-03-29,7,216.4,121,0,98.0,18.03
CATARINA,57,11675-667,968.478.699-48,Rondônia,Ouro Preto do Oeste,1966-03-24,50,1151.28,543,236,4.2,95.94
FILIPE,46,94130-610,869.427.345-94,Amapá,Oiapoque,1977-04-04,18,383.76,229,109,0.0,31.98
WILLIAM,12,48967-658,123.950.974-67,Pará,Parauapebas,2011-02-05,36,828.92,237,128,0.0,0.0
GESSICA,39,33857-526,844.286.710-13,Rondônia,Ouro Preto do Oeste,1984-09-28,51,1620.11,208643,0,4.2,135.01
MANUELA,40,97694-885,329.388.398-43,Acre,Sena Madureira,1983-08-12,53,1220.36,462,232,0.0,101.7
JONATAS,23,63840-740,459.779.813-33,Amazonas,Itacoatiara,2000-06-22,40,1526.52,361,170,3.3,127.21
TELMA,31,79078-718,428.233.763-73,Amazonas,Manacapuru,1992-07-05,17,362.44,517,163,1.4,30.2
ELEN,26,83059-978,794.969.294-30,Roraima,Uiramutã,1996-10-16,44,1125.7,497,134,3.7,93.81
IVANILDO,67,97853-848,657.567.967-57,Amazonas,Manaus,1956-07-05,12,263.52,275,210,0.0,21.96
ARLETE,66,87308-976,169.560.157-23,Acre,Rio Branco,1957-07-08,39,873.06,116423,190,3.2,72.76
ROMARIO,45,85932-510,951.673.267-34,Acre,Rio Branco,1978-05-21,42,931.26,383,106821,63.0,77.6
GENI,41,27974-760,931.225.476-32,Amazonas,Parintins,1982-05-15,13,285.48,40383,120,0.0,23.79
HELOISA,25,27996-840,771.219.723-36,Roraima,Mucajaí,1998-03-09,25,730.21,85628,225,2.1,60.85
ELIZETE,33,89707-328,541.804.659-21,Amapá,Pedra Branca do Amapari,1989-11-02,34,956.84,343,230,2.8,79.74
VALDIRENE,31,40545-737,967.748.301-76,Roraima,São Luiz,1992-08-31,36,1036.16,287,138173,0.0,86.35
VALQUIRIA,37,51380-780,781.464.493-34,Amapá,Porto Grande,1986-06-26,51,1554.87,237,253,4.2,129.57
JACKSON,38,82105-567,283.255.991-71,Rondônia,Cacoal,1985-08-13,36,1373.87,404,258,0.0,114.49
ELOISA,30,29871-854,791.670.247-74,Amazonas,Tefé,1993-04-04,50,1652.31,435,174757,4.2,137.69
GILVAN,21,81383-877,748.969.796-52,Rondônia,Porto Velho,2002-02-12,35,813.36,141,199,66.0,67.78
KAUA,38,21059-661,585.105.238-87,Amazonas,São Gabriel da Cachoeira,1985-04-24,10,262.24,373,222,0.8,21.85
JONATHAN,58,79519-505,365.344.600-47,Amapá,Cutias,1964-12-22,49,1723.73,207,163,66.0,143.64
ALFREDO,60,68066-757,489.458.799-96,Amazonas,São Gabriel da Cachoeira,1963-05-01,54,1427.59,215,173,4.5,118.97
NATAN,15,16148-364,633.640.849-12,Pará,Itaituba,2008-09-24,8,288.25,308,258,0.7,24.02
NADIR,48,57356-982,802.969.784-48,Tocantins,Colinas do Tocantins,1975-05-29,42,1065.58,450,130,85.0,88.8
JULIANE,48,73225-519,476.584.975-53,Rondônia,Jaru,1974-10-05,10,356.05,42143,244,0.8,29.67
ZELIA,58,35094-389,425.156.408-28,Rondônia,Ouro Preto do Oeste,1965-04-25,10,375.23,50661,118,0.8,0.0
RAUL,47,11430-622,212.243.360-39,Amazonas,Manicoré,1976-02-24,12,437.49,406,106,0.0,36.46
JANDIRA,23,44139-612,447.100.496-82,Amazonas,Parintins,1999-11-14,30,978.59,110,167,0.0,81.55
DIRCE,63,45999-905,291.917.438-84,Amapá,Pedra Branca do Amapari,1960-02-02,41,891.61,104817,210,0.0,74.3
EMILI,31,77730-145,236.671.366-25,Pará,Belém,1991-10-13,24,895.44,107,258,0.0,74.62
BERNARDO,20,34251-522,610.561.615-56,Acre,Tarauacá,2003-05-21,41,1389.86,182313,152,0.0,115.82
CARMEN,40,97703-454,803.667.665-69,Amazonas,Parintins,1983-02-14,45,1554.23,490,182828,3.8,129.52
FABIOLA,40,10344-544,121.532.112-75,Tocantins,Palmas,1983-05-20,41,1092.65,408,128,0.0,91.05
JOSIAS,24,17872-927,621.540.228-32,Roraima,Bonfim,1999-09-14,33,1118.66,373,150,2.8,93.22
AMELIA,48,56309-850,131.741.551-21,Amazonas,Itacoatiara,1975-09-14,35,940.22,575,134,90.0,78.35
REJANE,18,94409-342,800.864.729-45,Amapá,Mazagão,2005-08-17,32,975.61,317,163,2.7,81.3
RODOLFO,56,99932-727,982.116.829-48,Amapá,Macapá,1967-06-10,49,1253.62,543,123,62.0,104.47
GEAN,21,58129-530,837.945.738-23,Acre,Brasiléia,2002-07-14,14,388.03,309,146,71.0,32.34
ESTEFANI,36,67436-458,672.105.231-82,Amapá,Calçoene,1987-04-10,10,381.63,153,103,0.8,31.8
MAIRA,56,28162-186,294.205.494-20,Acre,Senador Guiomard,1967-06-03,39,864.74,152,219,3.2,0.0
LAZARO,38,43248-792,245.885.101-75,Tocantins,Dianópolis,1985-08-28,34,1261.3,164,214,2.8,0.0
LUCIO,57,71660-516,683.781.852-65,Amapá,Pedra Branca do Amapari,1966-05-01,26,831.48,255,208,2.2,69.29
JOSIMAR,13,90001-697,259.692.543-62,Acre,Rio Branco,2010-06-11,34,978.59,276,163,2.8,81.55
ANNA,34,94470-748,566.431.499-43,Rondônia,Cacoal,1989-05-02,26,648.56,248,236,2.2,0.0
VILMAR,44,71549-352,564.502.956-41,Amapá,Laranjal do Jari,1979-07-27,41,1197.55,533,215,0.0,99.8
JEFFERSON,28,76373-148,928.642.281-15,Roraima,Uiramutã,1995-09-03,6,213.63,22983,131,0.0,17.8
ELISA,31,41006-162,835.474.749-17,Amazonas,Tefé,1992-05-28,15,364.57,496,212,1.2,30.38
RUTE,67,28252-304,474.698.813-62,Amapá,Cutias,1956-06-27,16,515.09,438,181,1.3,42.92
ELIZABETH,59,85197-306,209.798.907-35,Amazonas,São Gabriel da Cachoeira,1964-07-26,41,1520.97,270,266,0.0,0.0
LUZINETE,43,73825-587,224.491.868-77,Acre,Epitaciolândia,1980-03-06,51,1630.99,433,162,4.2,135.92
IOLANDA,65,65573-674,751.457.668-80,Amazonas,Manacapuru,1958-05-24,50,1716.27,177,241,4.2,143.02
ALCIDES,19,15865-361,538.527.477-63,Amazonas,Parintins,2003-10-05,11,325.98,453,227,0.9,27.17
PRICILA,26,71170-729,281.847.587-21,Amapá,Santana,1997-04-15,44,1641.65,181,205,3.7,136.8
VALDOMIRO,17,55972-932,301.488.729-83,Pará,Bragança,2006-02-14,40,1517.99,151,186,3.3,126.5
ARMANDO,66,78893-876,765.396.730-62,Pará,Belém,1957-02-02,10,375.23,48020,101,0.8,31.27
ROMULO,64,25735-776,606.701.252-18,Amazonas,Tefé,1958-10-13,10,324.07,316,0,0.8,27.01
CASSIO,23,35295-463,912.850.713-15,Amazonas,Parintins,1999-10-30,24,706.12,430,116,0.0,58.84
EDNALDO,43,56624-500,322.921.494-32,Pará,Belém,1980-09-05,13,476.72,188,148,0.0,39.73
WELITON,12,85287-813,877.961.687-11,Amapá,Macapá,2011-09-20,25,959.4,103,104927,2.1,79.95
AIRTON,13,56077-640,700.202.717-34,Amazonas,Manacapuru,2009-12-09,6,170.13,410,178,0.0,14.18
ROSALINA,20,76928-511,499.290.338-39,Rondônia,Jaru,2003-03-20,49,1274.51,548,216,74.0,106.21
MADALENA,39,95311-824,403.115.827-14,Roraima,Mucajaí,1983-11-22,53,1220.36,526,114,0.0,101.7
LEIDIANE,27,12311-911,343.690.781-84,Roraima,São João da Baliza,1996-05-21,4,115.98,524,184,0.3,9.67
ROSEANE,50,84313-809,839.106.887-76,Amazonas,Manaus,1973-01-12,52,1529.93,180,264,0.0,127.49
MAISA,25,63499-902,317.215.913-26,Pará,Parauapebas,1998-09-27,37,891.39,132623,0,3.1,74.28
OLGA,26,12206-830,971.525.178-74,Pará,Santarém,1997-01-15,23,799.29,140,172,0.0,66.61
CAMILE,45,73833-587,226.396.389-49,Tocantins,Porto Nacional,1978-08-04,42,1128.26,317,150,75.0,94.02
EMILIA,47,26806-974,903.763.958-31,Amazonas,São Gabriel da Cachoeira,1976-01-21,13,374.17,55945,234,0.0,31.18
FABIANE,67,65669-137,117.225.544-83,Pará,Ananindeua,1955-10-01,1,36.46,3935,108,0.0,3.04
CLAUDEMIR,27,83348-105,829.120.168-96,Amazonas,Parintins,1996-02-19,31,1189.66,557,157,2.6,99.14
NADIA,39,80260-486,817.871.504-20,Amazonas,Tefé,1984-08-24,42,1235.71,244,255,62.0,0.0
MARILDA,59,44325-281,464.973.642-37,Rondônia,Cacoal,1963-11-17,47,1743.56,451,120,0.0,145.3
EDITE,17,62135-213,692.759.798-11,Pará,Parauapebas,2006-01-25,14,426.83,234,184,69.0,35.57
WELINGTON,42,19761-549,154.468.420-60,Pará,Itaituba,1981-04-15,45,1151.28,353,145,3.8,95.94
VIVIAN,35,58795-402,780.140.966-81,Tocantins,Araguatins,1988-01-07,39,1122.5,119883,249,3.2,93.54
CAIQUE,55,32725-967,949.913.123-28,Rondônia,Rolim de Moura,1968-07-25,2,62.68,389,165,0.2,5.22
PAOLA,13,82781-775,389.819.214-53,Acre,Brasiléia,2010-05-23,10,287.82,380,188,0.8,23.98
NATHALIA,43,79136-569,375.331.253-21,Amazonas,Manicoré,1979-10-20,18,560.29,332,64324,0.0,46.69
RICHARD,41,43386-259,481.707.780-17,Tocantins,Araguaína,1981-10-28,42,1432.71,130,134,64.0,119.39
CLEUZA,16,63347-670,948.306.793-25,Acre,Epitaciolândia,2007-03-23,11,403.38,146,114,0.9,33.62
LUCIMARA,26,80560-805,861.867.230-76,Amapá,Pedra Branca do Amapari,1997-04-01,44,1529.08,377,257,3.7,127.42
TAMARA,34,91802-666,498.288.665-59,Amazonas,São Gabriel da Cachoeira,1989-04-17,26,559.87,403,190,2.2,46.66
LAERCIO,55,62295-929,440.877.243-76,Acre,Plácido de Castro,1968-03-03,17,376.94,173,221,1.4,31.41
GLAUCIA,33,92551-835,406.663.529-36,Rondônia,Ji-Paraná,1990-02-21,48,1412.24,478,194,4.0,117.69
PATRICK,32,61386-962,911.395.223-52,Rondônia,Cacoal,1990-10-21,12,432.37,355,0,0.0,36.03
LIGIA,13,63520-454,619.924.778-45,Rondônia,Guajará-Mirim,2010-06-21,8,233.67,286,114,0.7,19.47
NUBIA,18,69664-196,469.293.716-72,Rondônia,Guajará-Mirim,2005-05-04,33,844.27,195,125,2.8,70.36
AFONSO,25,20902-472,865.856.284-44,Pará,Itaituba,1998-07-30,27,978.59,375,200,2.2,81.55
NOEMIA,45,74406-806,761.705.610-63,Acre,Tarauacá,1977-11-11,32,1193.92,123088,109,2.7,99.49
MARGARETE,65,59690-989,446.514.542-78,Roraima,Alto Alegre,1957-11-24,48,1821.59,521,258,4.0,151.8
DAMIANA,49,14456-982,320.100.664-71,Tocantins,Guaraí,1974-02-18,21,805.9,134,205,66.0,67.16
CLOVIS,25,42917-197,284.456.921-37,Tocantins,Araguaína,1998-08-02,12,388.88,511,182,0.0,32.41
ROSE,67,70326-311,694.267.294-81,Roraima,Pacaraima,1956-09-07,42,1531.21,160622,204,72.0,0.0
SALETE,64,85147-374,501.799.551-23,Amapá,Santana,1959-04-06,2,62.68,502,236,0.2,5.22
CELINA,67,43348-361,926.547.233-58,Pará,Santarém,1956-02-13,23,563.92,0,224,0.0,46.99
ADALBERTO,56,94181-347,239.648.734-15,Amazonas,Tabatinga,1966-12-25,45,1323.98,580,257,3.8,110.33
NAYARA,51,11725-886,326.823.836-59,Amapá,Mazagão,1971-12-25,9,218.74,385,203,0.8,18.23
ROSIANE,43,51842-343,485.766.852-70,Amazonas,Coari,1980-04-15,19,619.77,170,238,0.0,51.65
IVETE,26,17474-360,547.214.719-72,Pará,Abaetetuba,1996-12-25,47,1683.43,140,131,0.0,140.29
EDMAR,36,81716-764,216.540.179-47,Amazonas,Manacapuru,1986-11-12,53,1310.76,141,104,0.0,109.23
SIRLEI,68,20872-587,355.743.777-13,Pará,Abaetetuba,1955-06-16,1,23.24,138,151,0.0,1.94
LUCINEIA,50,55258-417,735.793.479-15,Rondônia,Porto Velho,1973-05-25,52,1895.78,403,193,0.0,157.98
GRAZIELE,59,33707-702,474.454.714-59,Rondônia,Pimenta Bueno,1964-09-05,53,1468.95,100,161,0.0,122.41
ENZO,49,60154-269,363.865.971-20,Tocantins,Porto Nacional,1974-01-20,36,990.1,540,122,0.0,131967.0
ANGELINA,38,67691-341,248.303.531-58,Tocantins,Palmas,1985-03-10,50,1353.82,174635,158,4.2,112.82
GLORIA,45,54711-241,281.363.278-63,Acre,Tarauacá,1978-02-23,42,1316.3,549,193492,59.0,109.69
IRIS,40,48215-560,177.159.495-67,Roraima,Pacaraima,1983-02-20,10,309.14,460,112,0.8,25.76
NORMA,42,90344-418,437.867.125-54,Rondônia,Guajará-Mirim,1981-06-29,47,1553.17,303,155,0.0,129.43
JURANDIR,62,66520-342,165.731.882-50,Tocantins,Guaraí,1960-10-15,26,875.83,528,117,2.2,72.99
ELENICE,33,91352-691,204.896.808-54,Acre,Feijó,1990-02-27,5,138.58,256,256,0.4,11.55
HILDA,12,31390-772,145.785.322-86,Rondônia,Ouro Preto do Oeste,2011-07-29,24,685.65,394,250,0.0,57.14
EDGAR,31,65011-244,565.187.120-81,Amazonas,São Gabriel da Cachoeira,1991-10-14,18,406.79,253,228,0.0,33.9
EDIMILSON,43,94994-910,646.980.922-13,Amazonas,Coari,1980-08-29,1,25.16,358,195,0.0,2.1
ROSILDA,60,93303-773,187.792.286-58,Tocantins,Colinas do Tocantins,1962-10-27,28,871.56,522,156,77.0,72.63
IASMIN,26,17243-310,483.361.602-29,Amapá,Tartarugalzinho,1997-02-12,33,1196.06,138,112,2.8,99.67
HUMBERTO,58,41731-961,932.977.927-23,Amapá,Santana,1965-09-03,22,745.78,428,240,1.8,62.15
ADRIANE,51,60328-178,516.960.748-60,Amapá,Macapá,1972-09-16,53,1762.74,198651,205,0.0,146.9
SAULO,49,48983-875,351.420.766-80,Roraima,Boa Vista,1973-11-10,23,539.4,102,59142,0.0,44.95
ALEXSANDRO,40,26116-824,515.953.525-65,Tocantins,Gurupi,1983-09-25,45,1707.74,530,223,3.8,142.31
CAUAN,32,84955-491,797.317.343-14,Amazonas,Parintins,1991-05-23,46,1059.18,144,178,0.0,88.26
MARISTELA,12,59913-794,124.694.672-80,Amapá,Santana,2011-05-03,11,265.01,564,237,0.9,22.08
JUAN,20,32622-124,751.711.628-56,Rondônia,Cacoal,2003-08-24,20,511.68,466,192,1.7,42.64
LUCINEIDE,61,95995-208,331.687.765-91,Roraima,Boa Vista,1961-10-23,50,1161.94,339,100,4.2,96.83
EDINALDO,66,53276-606,801.588.953-61,Roraima,Bonfim,1957-03-27,54,1554.23,175,209318,4.5,129.52
SIRLENE,32,39473-981,196.436.303-15,Pará,Itaituba,1991-02-07,15,479.7,269,130,1.2,39.98
SIDNEY,69,46016-596,246.188.551-43,Rondônia,Cacoal,1954-06-16,14,343.25,371,51382,84.0,0.0
SILMARA,48,36659-721,578.975.155-71,Pará,Belém,1975-01-08,32,852.8,243,150,2.7,71.07
RUTH,43,51799-973,441.262.152-40,Pará,Bragança,1980-04-23,16,477.57,161,174,1.3,39.8
MARIZA,27,80347-295,247.188.580-74,Acre,Cruzeiro do Sul,1996-07-23,35,1067.07,125,227,99.0,88.92
VICTORIA,18,10965-922,110.375.860-94,Rondônia,Ji-Paraná,2005-04-10,2,56.71,544,100,0.2,4.73
SILVANIA,32,81461-437,121.601.573-62,Pará,Santarém,1990-10-15,8,223.43,109,215,0.7,18.62
VALDETE,54,41063-898,136.393.976-80,Amazonas,Tefé,1969-01-10,32,689.06,539,221,2.7,57.42
NILDA,27,58422-591,395.244.907-30,Rondônia,Guajará-Mirim,1996-07-12,11,246.25,300,124,0.9,20.52
ELLEN,39,45920-542,520.242.890-29,Roraima,Uiramutã,1984-07-01,4,132.18,169,250,0.3,11.02
EVALDO,59,28979-265,480.192.638-97,Rondônia,Guajará-Mirim,1964-05-13,33,1118.66,265,267,2.8,93.22
JONATA,54,37599-219,730.222.700-57,Rondônia,Ouro Preto do Oeste,1968-10-07,14,328.33,110,221,72.0,27.36
ANDRESA,27,45737-340,994.693.190-84,Rondônia,Porto Velho,1996-02-07,13,329.82,203,245,0.0,27.48
MELISSA,42,79909-280,296.908.239-48,Rondônia,Ariquemes,1981-02-24,7,189.54,391,229,99.0,15.8
ADAILTON,46,10204-751,492.382.422-68,Roraima,Uiramutã,1977-06-26,12,340.27,175,270,0.0,28.36
KAIQUE,35,49790-729,340.773.671-94,Rondônia,Ji-Paraná,1988-05-13,11,422.14,109,137,0.9,35.18
CREUZA,21,75165-806,988.866.152-30,Acre,Tarauacá,2002-09-15,49,1337.19,294,162138,98.0,111.43
ARI,53,80624-810,233.691.595-56,Acre,Xapuri,1970-07-26,44,1341.46,206,214,3.7,111.79
VILSON,42,13901-254,729.771.950-56,Amapá,Porto Grande,1980-11-24,54,1646.34,120,136,4.5,137.2
JEANE,55,43543-742,918.450.333-94,Acre,Feijó,1967-11-19,8,194.44,410,202,0.7,16.2
ITAMAR,59,23562-245,191.276.811-23,Roraima,Uiramutã,1964-06-03,16,361.59,102,251,1.3,30.13
LINDALVA,63,63994-930,870.908.249-64,Tocantins,Palmas,1960-06-25,53,2022.64,314,110,0.0,168.55
ROSINEIDE,64,37490-562,944.540.275-81,Tocantins,Araguaína,1958-12-11,20,456.25,208,264,1.7,38.02
JACIRA,50,72689-890,442.922.892-59,Acre,Sena Madureira,1972-11-14,48,1176.87,555,176,4.0,98.07
DIVINO,23,67893-243,358.689.426-70,Pará,Itaituba,1999-12-09,21,649.2,326,141,69.0,54.1
JUAREZ,53,88985-329,960.134.484-87,Amapá,Cutias,1969-12-02,30,901.84,182,258,0.0,0.0
GENIVALDO,36,46783-142,951.526.930-92,Rondônia,Guajará-Mirim,1987-07-30,48,1842.05,450,257,4.0,153.5
DIRCEU,26,23646-664,539.206.830-34,Acre,Brasiléia,1996-12-22,14,408.92,246,154,72.0,34.08
DARCI,32,34172-373,450.550.828-29,Pará,Parauapebas,1990-11-21,2,45.62,226,158,0.2,3.8
COSME,51,16635-511,839.225.135-28,Pará,Santarém,1972-05-09,50,1918.81,414,111,4.2,159.9
IVANI,62,26869-854,279.390.662-21,Rondônia,Vilhena,1961-03-28,34,1188.81,555,182,2.8,99.07
DANIELI,33,37736-171,111.752.639-27,Amazonas,Itacoatiara,1990-03-30,30,933.82,310,200,0.0,77.82
IASMIM,51,56753-763,158.217.221-31,Tocantins,Araguaína,1971-11-22,12,411.9,437,134,0.0,34.32
JOYCE,50,14846-971,439.581.898-13,Tocantins,Gurupi,1973-08-02,17,565.41,103,269,1.4,47.12
EDINA,23,14350-768,698.149.676-58,Acre,Rio Branco,1999-12-20,52,1319.29,281,192,0.0,109.94
AMILTON,51,40680-641,978.588.507-47,Pará,Belém,1971-12-09,1,31.98,334,133,0.0,2.66
GABRIELI,65,36993-108,594.609.398-63,Roraima,Boa Vista,1958-07-30,17,547.29,319,196,1.4,45.61
JOSILENE,21,74931-130,372.869.247-18,Tocantins,Porto Nacional,2001-11-09,33,1090.52,505,108,2.8,90.88
ERIK,63,41748-439,614.178.952-58,Amapá,Laranjal do Jari,1959-10-14,28,889.47,371,95026,59.0,74.12
ALAIDE,61,24032-138,392.521.867-29,Tocantins,Colinas do Tocantins,1962-06-14,6,205.95,108,145,0.0,17.16
JUDITE,53,98437-622,402.348.305-29,Rondônia,Ouro Preto do Oeste,1970-09-11,50,1705.61,426,257,4.2,142.13
MARINETE,44,23113-572,367.868.740-96,Acre,Plácido de Castro,1979-03-12,38,947.89,351,134,3.2,78.99
DIVINA,38,70435-665,494.439.622-83,Rondônia,Pimenta Bueno,1985-06-04,43,1228.46,178497,252,3.6,102.37
OLIVIA,13,58922-636,661.641.231-38,Rondônia,Guajará-Mirim,2010-04-01,13,346.45,145,153,0.0,28.87
ROGER,52,87197-715,463.599.514-78,Amapá,Porto Grande,1971-04-22,25,890.11,116833,246,2.1,74.18
GRAZIELA,12,27801-223,225.433.650-82,Rondônia,Ariquemes,2011-01-12,13,429.6,362,192,0.0,35.8
LAURO,44,55472-349,701.346.873-51,Roraima,Pacaraima,1979-02-15,21,568.61,287,191,84.0,47.38
ROQUE,58,70417-392,574.141.359-24,Amapá,Macapá,1965-09-13,51,1804.96,281,113,4.2,150.41
VALDINEI,55,12287-812,604.652.723-54,Amapá,Laranjal do Jari,1968-04-09,36,1181.98,125,120,0.0,98.5
ANDREI,42,42242-559,893.415.662-50,Tocantins,Formoso do Araguaia,1981-02-27,35,783.51,78555,177,96.0,65.29
MICHELI,22,73879-124,931.134.554-84,Amazonas,Parintins,2001-05-20,8,260.96,186,178,0.7,21.75
DILMA,20,38731-478,660.952.666-18,Amazonas,São Gabriel da Cachoeira,2003-05-24,9,341.55,522,195,0.8,28.46
KARLA,25,43819-625,947.738.322-33,Amapá,Porto Grande,1998-01-05,7,183.57,103,194,94.0,15.3
ELENA,52,23737-454,544.401.535-87,Tocantins,Formoso do Araguaia,1971-05-05,40,1117.17,336,237,3.3,93.1
LINDOMAR,47,24887-809,882.100.909-97,Rondônia,Jaru,1976-08-23,49,1723.73,300,144,92.0,143.64
MAURA,51,53244-352,250.992.619-10,Pará,Castanhal,1972-08-12,35,910.37,250,115235,68.0,75.86
CRISTIANA,20,61478-577,167.255.118-95,Pará,Castanhal,2002-12-01,29,692.48,351,172,0.0,57.71
CARINE,57,82454-100,741.185.980-84,Acre,Cruzeiro do Sul,1966-05-18,18,399.11,540,56136,0.0,33.26
JHONATAN,43,18248-370,355.848.387-69,Amazonas,Manaus,1979-10-27,5,121.52,250,153,0.4,10.13
LORIVAL,29,72989-234,491.678.856-71,Tocantins,Araguaína,1993-10-31,33,1210.13,188,116,2.8,100.84
MARIA,49,55276-833,407.714.562-72,Rondônia,Ariquemes,1974-05-18,5,173.76,383,109,0.4,14.48
DIVA,61,80245-984,198.242.491-59,Rondônia,Porto Velho,1962-08-02,16,610.61,171,173,1.3,50.88
VANUSA,29,12359-644,908.795.307-71,Amapá,Santana,1994-04-20,13,329.82,210,175,0.0,27.48
LEDA,55,30172-502,179.203.496-54,Rondônia,Jaru,1967-11-13,35,1320.78,286,238,93.0,110.06
GEANE,68,81139-345,811.348.335-92,Roraima,Rorainópolis,1955-07-16,42,1029.76,512,180,66.0,85.81
RAYANE,33,84251-861,744.452.597-39,Pará,Marabá,1990-01-12,36,951.73,380,224,0.0,79.31
MAGNO,25,42094-852,491.552.458-49,Amapá,Laranjal do Jari,1997-12-09,52,1430.15,196,270,0.0,119.18
ESTELA,60,29879-527,441.689.255-51,Pará,Belém,1963-06-22,30,1151.28,114,170,0.0,95.94
IVANETE,65,61665-706,426.516.599-19,Roraima,Rorainópolis,1958-03-24,53,1435.05,154,160429,0.0,119.59
TAIANE,62,85125-370,931.538.730-53,Rondônia,Rolim de Moura,1961-02-07,20,575.64,117,253,1.7,47.97
DEIVID,23,70916-736,369.368.829-54,Pará,Itaituba,1999-10-30,52,1818.18,567,182,0.0,151.52
ERIVALDO,12,46259-701,250.368.344-98,Pará,Parauapebas,2010-12-26,52,1186.25,148,195,0.0,98.85
ROBERT,20,12485-547,313.793.626-46,Tocantins,Paraíso do Tocantins,2003-01-26,33,1132.74,480,234,2.8,94.4
VIRGINIA,50,77683-617,664.183.189-94,Roraima,Alto Alegre,1973-05-01,8,194.44,260,270,0.7,16.2
CARMELITA,55,32797-523,630.695.580-27,Roraima,Boa Vista,1968-04-10,34,1268.54,306,220,2.8,105.71
MARCUS,24,48240-696,649.362.784-16,Roraima,Uiramutã,1998-11-02,28,919.32,169,169,97.0,0.0
KELI,20,66502-785,211.557.840-74,Pará,Belém,2003-03-20,31,806.33,223,164,2.6,67.19
RUI,25,75339-721,255.438.808-38,Pará,São Félix do Xingu,1998-07-11,26,864.74,477,101,2.2,0.0
SAMIRA,58,38019-529,595.595.125-71,Amapá,Laranjal do Jari,1965-08-01,15,457.32,307,162,1.2,0.0
HELEN,68,92064-276,224.477.433-11,Acre,Cruzeiro do Sul,1955-02-22,23,490.36,242,57856,0.0,40.86
WENDEL,37,65148-831,221.935.481-42,Pará,Itaituba,1985-11-02,3,77.39,507,9873,0.2,6.45
MILENE,59,26942-572,366.677.246-13,Acre,Tarauacá,1963-10-25,4,147.53,104,174,0.3,12.29
JOELSON,37,24051-224,639.837.318-21,Pará,Itaituba,1986-09-06,28,638.75,509,117,94.0,53.23
EMANUELE,52,43090-338,854.641.506-12,Tocantins,Palmas,1971-07-08,7,231.32,410,24670,83.0,24934.0
ELIO,30,99049-204,921.665.655-68,Pará,Abaetetuba,1993-09-13,27,587.15,184,131,2.2,48.93
OSCAR,58,51412-960,116.231.847-54,Tocantins,Palmas,1965-06-05,32,682.24,0,131,2.7,56.85
DAYANE,27,30721-753,117.392.769-28,Acre,Cruzeiro do Sul,1995-10-18,5,175.89,469,215,0.4,14.66
INACIO,35,17409-258,862.393.580-62,Roraima,São Luiz,1988-01-05,23,715.93,320,239,0.0,59.66
DONIZETE,60,96198-582,371.441.862-26,Acre,Plácido de Castro,1963-06-28,29,1106.72,295,132,0.0,92.23
GIOVANNA,19,71260-153,849.868.956-40,Tocantins,Porto Nacional,2004-05-14,52,1241.68,469,162,0.0,103.47
MEIRE,38,17302-290,921.217.210-64,Roraima,São Luiz,1985-08-22,16,542.38,550,209,1.3,45.2
ZENAIDE,44,73241-543,907.190.226-16,Pará,Bragança,1979-01-22,38,1288.16,197,188564,3.2,107.35
ANITA,37,82559-865,487.151.551-92,Pará,Belém,1986-03-13,14,301.47,470,42190,95.0,25.12
STEFANI,27,21216-432,786.175.307-97,Tocantins,Gurupi,1995-12-02,31,806.33,307,146,2.6,67.19
ISAURA,68,35758-938,304.886.731-87,Roraima,Mucajaí,1954-11-11,38,1458.29,173,0,3.2,121.52
NELI,31,59104-357,324.546.579-78,Amazonas,Tefé,1992-01-17,19,421.28,131,157,0.0,35.11
JAILTON,39,91354-728,271.961.666-80,Roraima,São João da Baliza,1984-06-20,24,588.43,65512,59143,0.0,49.04
ADELIA,19,46653-793,411.663.576-29,Acre,Tarauacá,2004-05-21,38,826.37,401,101644,3.2,68.86
DOMINGAS,27,97554-482,836.599.338-83,Amapá,Santana,1996-01-26,10,221.73,509,244,0.8,0.0
ISAC,18,32752-706,893.409.412-10,Acre,Xapuri,2005-05-10,31,852.59,323,152,2.6,71.05
FREDERICO,42,10873-929,568.169.600-48,Rondônia,Guajará-Mirim,1980-11-21,22,647.28,285,253,1.8,0.0
LAIANE,45,13113-411,553.319.769-81,Pará,Marabá,1978-05-12,26,731.7,88155,126,2.2,60.98
MARINES,41,66253-185,744.587.480-79,Amapá,Macapá,1982-04-06,28,692.48,392,127,61.0,57.71
HEITOR,19,46654-927,722.804.916-95,Tocantins,Colinas do Tocantins,2004-03-19,30,972.2,220,0,0.0,81.02
VANDERLEIA,57,80233-926,321.659.403-77,Roraima,Caracaraí,1966-01-29,24,706.12,269,150,0.0,58.84
ISABELLA,51,96940-181,304.264.463-11,Amapá,Macapá,1972-07-24,50,1705.61,380,101,4.2,142.13
NATALI,48,22879-317,831.945.722-51,Amazonas,Manacapuru,1975-08-25,20,567.11,275,84779,1.7,47.26
QUITERIA,27,64149-439,683.985.530-83,Pará,São Félix do Xingu,1996-01-30,36,928.7,211,164,0.0,77.39
SARAH,35,43618-439,495.835.362-32,Pará,Santarém,1988-02-19,6,223.86,326,255,0.0,18.66
AUREA,45,66742-163,706.952.109-77,Rondônia,Rolim de Moura,1978-07-07,19,575.22,188,114,0.0,47.94
BERNADETE,64,21237-927,464.189.730-67,Tocantins,Porto Nacional,1959-04-16,21,613.38,541,255,84.0,51.12
GEORGE,62,64951-852,254.366.927-73,Rondônia,Jaru,1961-05-26,46,1510.31,229,167,0.0,125.86
AMAURI,54,87797-428,398.205.868-54,Amazonas,Tabatinga,1969-02-18,2,61.4,124,112,0.2,5.12
ROMILDO,34,48971-544,882.866.290-25,Amapá,Macapá,1989-06-02,40,946.61,195,163,3.3,78.88
DANIELLE,67,25781-765,171.784.242-82,Roraima,Bonfim,1956-04-09,26,947.89,222,267,2.2,78.99
IVANILDA,62,31957-110,171.609.764-64,Amazonas,São Gabriel da Cachoeira,1961-03-20,8,170.56,486,182,0.7,14.21
IRANI,19,32227-176,482.383.857-50,Acre,Epitaciolândia,2004-02-11,11,246.25,164,216,0.9,20.52
IAN,26,75532-683,821.531.272-18,Acre,Plácido de Castro,1996-10-12,10,249.44,32087,257,0.8,20.79
JOSIEL,19,44158-831,193.787.312-40,Amazonas,São Gabriel da Cachoeira,2004-08-16,4,136.45,255,107,0.3,11.37
GEOVANI,44,25836-493,381.601.479-22,Roraima,São João da Baliza,1979-03-01,9,310.85,326,267,0.8,25.9
KLEBER,35,30183-677,209.368.791-15,Amapá,Tartarugalzinho,1988-07-23,4,102.34,164,127,0.3,8.53
ALDO,13,10530-555,663.976.285-19,Rondônia,Ouro Preto do Oeste,2009-10-10,27,978.59,415,238,2.2,81.55
LEONICE,62,96259-180,575.126.610-42,Roraima,Boa Vista,1961-06-29,21,747.69,99517,125,91.0,62.31
KAIO,47,86189-266,412.180.796-97,Rondônia,Ariquemes,1976-01-02,24,864.74,365,145,0.0,0.0
ANE,47,78775-707,800.668.446-95,Tocantins,Porto Nacional,1976-02-28,15,390.16,469,222,1.2,32.51
LEVI,40,15000-124,600.366.102-97,Tocantins,Paraíso do Tocantins,1982-12-16,53,1333.36,499,137,0.0,0.0
FRANCIELI,53,20086-927,892.959.351-22,Rondônia,Jaru,1970-09-11,40,1091.59,357,154,3.3,90.97
SHIRLEY,21,22571-994,623.199.667-61,Amazonas,Manicoré,2001-12-29,18,556.45,476,240,0.0,46.37
IZABELA,13,81828-664,747.116.100-59,Amapá,Santana,2009-12-02,54,1853.57,356,153,4.5,154.46
ISAQUE,58,75537-988,872.536.151-50,Tocantins,Formoso do Araguaia,1965-06-24,55,1641.65,195,145,4.6,136.8
AMARILDO,12,44094-641,256.427.267-42,Rondônia,Guajará-Mirim,2011-09-01,11,419.79,164,218,0.9,34.98
EDISON,23,22771-981,948.856.619-95,Amazonas,Manaus,2000-05-06,38,1450.19,330,132,3.2,120.85
KEVIN,16,27905-747,260.858.400-14,Rondônia,Vilhena,2007-08-24,6,156.06,377,129,0.0,13.0
MAGDA,55,26320-390,652.399.996-82,Amapá,Porto Grande,1967-11-22,27,978.59,259,179,2.2,81.55
EDILEUZA,48,58674-201,599.264.418-90,Amapá,Macapá,1974-10-16,30,825.09,171,111,0.0,68.76
ROSEMEIRE,57,65002-825,680.780.420-75,Roraima,Caracaraí,1966-05-17,32,845.98,170,181,2.7,70.5
MARIZETE,53,84531-270,912.342.492-58,Rondônia,Porto Velho,1970-08-14,52,1407.98,166505,155,0.0,117.33
JOSELIA,37,47260-957,624.326.320-54,Amapá,Cutias,1986-04-20,33,1217.16,518,166,2.8,101.43
LEANDRA,42,67138-599,272.318.233-86,Tocantins,Dianópolis,1981-05-20,37,907.17,496,193,3.1,75.6
ADENILSON,45,64617-225,322.779.575-29,Pará,São Félix do Xingu,1978-05-15,9,239.85,265,235,0.8,19.99
SILAS,53,88617-864,357.622.777-37,Roraima,Mucajaí,1970-09-05,12,424.7,515,238,0.0,35.39
ALTAIR,38,20285-764,322.785.761-77,Amazonas,Tefé,1985-09-16,18,552.62,74182,252,0.0,46.05
MIRELA,35,26759-451,699.442.924-71,Tocantins,Guaraí,1988-04-30,12,360.74,302,160,0.0,0.0
MAX,55,67995-118,356.317.363-81,Rondônia,Jaru,1968-08-04,48,1381.54,344,111,4.0,115.13
RYAN,18,85196-398,299.704.462-83,Roraima,Boa Vista,2004-11-18,22,590.99,407,184,1.8,49.25
WASHINGTON,14,25085-545,427.950.591-95,Rondônia,Rolim de Moura,2009-06-22,2,54.15,6480,0,0.2,4.51
TALES,38,34339-773,838.306.245-77,Amazonas,Coari,1985-03-19,21,488.02,323,135,88.0,40.67
JESUS,32,91781-534,308.178.773-79,Amazonas,São Gabriel da Cachoeira,1991-07-17,33,1189.02,486,252,2.8,0.0
ELIZA,23,68452-351,811.319.183-53,Amapá,Mazagão,2000-08-21,41,917.83,209,179,0.0,76.49
JOSENILDO,21,37347-549,281.130.905-75,Tocantins,Porto Nacional,2002-08-17,51,1152.56,450,140,4.2,0.0
SUELY,69,66741-670,743.751.295-68,Pará,Castanhal,1954-08-01,55,2098.96,519,216,4.6,174.91
SALVADOR,37,29233-991,968.944.156-84,Acre,Cruzeiro do Sul,1986-09-24,7,150.73,529,248,99.0,12.56
CIBELE,18,42259-555,174.832.966-71,Pará,Bragança,2005-02-04,17,387.81,561,234,1.4,32.32
AMARO,38,39383-371,444.350.287-71,Rondônia,Jaru,1984-11-09,48,1228.04,398,174,4.0,102.34
FABRICIA,36,39797-870,464.320.104-56,Rondônia,Ariquemes,1987-02-13,30,965.8,147,233,0.0,80.48
ELSON,63,16253-496,575.377.386-30,Rondônia,Pimenta Bueno,1960-07-12,45,1304.79,379,262,3.8,108.73
DORALICE,16,64279-899,689.441.551-13,Acre,Cruzeiro do Sul,2007-01-15,25,906.1,408,114,2.1,75.51
LUCI,38,88754-590,786.363.800-40,Acre,Xapuri,1985-01-10,46,1500.51,574,180,0.0,125.04
SORAIA,19,88545-185,788.532.919-49,Acre,Cruzeiro do Sul,2004-05-01,48,1442.94,155099,162,4.0,120.24
EDIMAR,59,95894-198,770.314.827-24,Amazonas,Itacoatiara,1964-03-19,16,436.64,206,198,1.3,36.39
MESSIAS,46,72475-757,339.592.641-66,Amapá,Porto Grande,1977-03-13,18,541.1,156,192,0.0,0.0
ELISEU,40,79074-954,796.772.526-80,Rondônia,Guajará-Mirim,1983-08-07,40,1202.45,557,120,3.3,100.2
EDERSON,18,33219-520,129.324.614-73,Amazonas,Parintins,2005-04-30,5,155.64,414,221,0.4,12.97
SOCORRO,21,27370-203,531.972.813-30,Acre,Plácido de Castro,2002-09-18,17,619.77,171,180,1.4,51.65
GENILSON,17,29331-408,207.447.345-36,Amapá,Macapá,2005-12-23,20,763.26,103,76977,1.7,63.6
ALDA,15,74133-368,895.747.963-23,Tocantins,Porto Nacional,2008-07-25,19,635.98,415,114,0.0,53.0
TARCISIO,14,85742-433,671.291.779-19,Rondônia,Jaru,2009-03-30,49,1149.15,151,217,99.0,95.76
RAPHAEL,57,60230-561,624.556.661-52,Amapá,Macapá,1966-01-14,7,246.25,372,188,76.0,20.52
GILMARA,58,98088-471,931.506.138-21,Pará,Bragança,1964-10-17,29,785.22,241,221,0.0,65.44
ZENILDA,49,15227-833,427.415.408-49,Acre,Brasiléia,1973-11-17,15,354.98,531,129,1.2,29.58
MARCILENE,66,12002-801,975.253.160-41,Rondônia,Rolim de Moura,1957-06-21,6,172.69,294,148,0.0,14.39
IRINEU,68,20545-822,109.749.669-86,Rondônia,Ji-Paraná,1955-04-09,34,1174.31,295,183,2.8,0.0
ELIZEU,60,28320-622,331.487.334-40,Tocantins,Dianópolis,1963-04-03,55,1512.66,0,208,4.6,0.0
MICHELLE,45,39729-767,393.933.375-72,Acre,Feijó,1978-04-07,6,186.76,525,259,0.0,15.56
MAYCON,59,76235-606,261.969.442-77,Rondônia,Ouro Preto do Oeste,1963-10-31,38,1320.57,407,178,3.2,110.05
VANDERSON,30,28464-434,157.882.346-60,Amapá,Santana,1993-03-30,20,716.35,472,204,1.7,59.7
ANGELITA,45,72717-296,898.614.206-98,Amazonas,São Gabriel da Cachoeira,1978-04-28,52,1363.63,383,195,0.0,113.64
DULCE,60,79829-489,399.847.132-55,Tocantins,Palmas,1963-06-23,47,1072.19,194,107,0.0,89.35
WELINTON,43,29728-647,434.108.647-75,Rondônia,Jaru,1980-08-11,51,1674.48,249722,0,4.2,139.54
JAINE,67,30491-134,239.636.254-92,Rondônia,Jaru,1956-03-24,43,1026.77,219,156,3.6,0.0
ADELAIDE,65,94088-135,716.570.654-43,Rondônia,Rolim de Moura,1958-01-03,3,69.08,224,162,0.2,5.76
EMILLY,27,43855-779,975.187.544-49,Pará,Santarém,1996-01-16,23,706.12,422,115,0.0,58.84
CELMA,26,69862-703,549.485.864-88,Roraima,Alto Alegre,1997-03-31,33,1153.84,568,217,2.8,96.15
ICARO,51,83641-237,432.399.680-43,Acre,Cruzeiro do Sul,1972-03-08,46,1392.63,317,151,0.0,116.05
ILMA,42,50017-742,561.201.468-88,Rondônia,Ouro Preto do Oeste,1980-10-24,22,609.75,444,121,1.8,50.81
VALDIVINO,38,87635-462,360.750.991-47,Acre,Rio Branco,1985-06-08,8,286.54,39639,160,0.7,23.88
ROSALIA,45,46606-418,215.982.571-46,Rondônia,Ouro Preto do Oeste,1977-11-18,35,977.53,379,181,98.0,81.46
ERALDO,60,72886-764,814.591.344-57,Tocantins,Porto Nacional,1962-11-18,51,1087.32,157381,124,4.2,90.61
CLAUDINEIA,13,76565-752,545.681.124-75,Pará,Ananindeua,2010-04-20,21,796.94,279,222,60.0,66.41
SILVANO,17,15055-424,145.630.277-46,Acre,Rio Branco,2005-11-04,40,1475.35,213,144,3.3,122.95
MANOELA,51,85217-783,957.957.454-29,Tocantins,Araguatins,1971-10-16,22,501.87,182,260,1.8,41.82
WALLACE,55,95745-330,140.988.214-57,Rondônia,Porto Velho,1968-01-17,26,997.78,148965,269,2.2,83.15
DJALMA,42,22865-766,549.774.555-70,Acre,Brasiléia,1981-08-08,19,712.94,76586,189,0.0,59.41
EMILE,36,89090-212,642.655.185-32,Tocantins,Formoso do Araguaia,1987-08-01,16,593.55,0,219,1.3,49.46
ELVIRA,31,37377-565,235.718.770-33,Roraima,Caracaraí,1992-07-31,36,898.0,543,174,0.0,74.83
LOURIVAL,24,69693-924,924.552.401-59,Amapá,Santana,1999-05-31,34,862.61,192,193,2.8,71.88
GIOVANI,69,69153-296,373.643.417-25,Acre,Rio Branco,1953-11-19,44,1491.55,435,171,3.7,124.3
DARIO,55,46233-306,374.359.801-76,Tocantins,Dianópolis,1967-10-24,42,1593.89,563,210,82.0,132.82
IONE,58,67236-388,946.808.280-22,Amazonas,Parintins,1965-03-10,47,1503.07,267,261,0.0,125.26
MICAEL,64,69718-643,650.271.689-55,Rondônia,Ji-Paraná,1959-02-09,24,823.81,282,241,0.0,68.65
NARA,60,47293-797,821.590.400-54,Pará,Parauapebas,1962-12-17,13,485.03,146,127,0.0,40.42
TALIA,42,93590-816,599.770.633-75,Roraima,Rorainópolis,1981-01-05,48,1616.91,161,260,4.0,134.74
ALLAN,13,97299-768,591.195.126-29,Rondônia,Jaru,2010-04-17,32,689.06,151,244,2.7,57.42
GISLENE,63,54755-204,394.743.468-94,Amapá,Mazagão,1959-10-28,40,1390.07,147108,123,3.3,115.84
LUCELIA,56,42094-761,619.312.250-55,Pará,Abaetetuba,1967-08-15,48,1176.87,405,222,4.0,98.07
LAILA,54,30033-532,480.279.534-19,Acre,Tarauacá,1969-09-22,6,135.6,152,119,0.0,11.3
VANILDA,25,19972-274,688.135.261-55,Amazonas,Manacapuru,1997-11-29,47,1553.17,419,103,0.0,129.43
JACSON,54,15168-424,676.217.494-83,Pará,Parauapebas,1969-01-31,5,133.25,267,16271,0.4,11.1
ADELSON,69,42754-126,802.519.470-27,Roraima,São Luiz,1953-10-27,45,1007.37,491,193,3.8,83.95
JUCILENE,62,14015-562,306.654.177-92,Roraima,Uiramutã,1960-12-07,23,823.81,148,251,0.0,68.65
VALDEIR,42,50004-235,565.499.281-25,Amapá,Santana,1981-01-18,23,686.51,509,210,0.0,57.21
GILDA,68,72820-302,920.129.726-85,Amapá,Pedra Branca do Amapari,1955-03-06,43,1310.97,528,225,3.6,109.25
MATILDE,64,47325-846,584.394.345-62,Tocantins,Araguaína,1959-01-20,5,180.15,351,213,0.4,15.01
JURACI,66,88807-980,671.700.397-32,Tocantins,Colinas do Tocantins,1957-08-03,44,1397.74,216,106,3.7,116.48
MARLUCE,43,18308-683,385.658.775-46,Pará,Marabá,1980-01-21,10,364.57,541,228,0.8,30.38
FAGNER,58,89880-269,424.546.579-26,Amapá,Porto Grande,1965-09-28,53,1853.14,253507,261,0.0,154.43
DORIVAL,21,26783-608,660.387.711-41,Pará,Santarém,2002-09-26,44,1116.32,527,130,3.7,93.03
JUVENAL,59,92975-583,367.674.594-93,Rondônia,Cacoal,1964-07-12,17,387.81,292,259,1.4,32.32
JACIARA,67,92230-657,970.391.691-65,Acre,Rio Branco,1956-02-10,9,341.55,410,169,0.8,28.46
EVELYN,50,65830-373,849.884.626-30,Amapá,Santana,1973-09-06,15,553.26,56928,70565,1.2,46.1
GLEICE,51,78964-409,852.530.407-48,Pará,Parauapebas,1972-05-18,46,1490.7,411,132,0.0,124.22
NEIVA,29,52913-551,838.440.947-95,Tocantins,Gurupi,1994-01-20,51,1185.18,287,180,4.2,98.76
ESTEFANE,66,97704-157,837.828.765-48,Tocantins,Colinas do Tocantins,1957-02-14,23,514.88,482,130,0.0,42.91
EDVAN,24,23136-761,213.794.186-98,Roraima,Boa Vista,1999-06-02,4,112.57,266,264,0.3,9.38
GENIVAL,45,37018-804,670.377.620-27,Acre,Epitaciolândia,1978-07-09,49,1180.49,283,101,74.0,98.37
JOSEMAR,14,15953-150,751.461.174-96,Acre,Senador Guiomard,2008-10-14,8,202.97,184,117,0.7,16.91
LAISA,42,12920-434,810.105.221-87,Pará,Castanhal,1980-11-03,28,776.05,191,211,86.0,64.67
ROMILDA,37,26329-442,694.440.173-67,Amazonas,Parintins,1986-01-12,6,194.44,336,243,0.0,16.2
KAUE,47,33995-478,284.368.944-31,Rondônia,Ji-Paraná,1976-03-11,2,75.05,180,115,0.2,6.25
SAMANTA,22,67474-846,236.577.470-68,Acre,Feijó,2001-07-13,29,1075.81,123,236,0.0,89.65
ROSIMERE,25,20896-593,991.819.315-52,Acre,Feijó,1997-10-30,19,405.08,312,0,0.0,33.76
OLINDA,64,89840-218,588.812.484-28,Roraima,Boa Vista,1959-06-09,7,191.03,458,133,90.0,15.92
JANICE,26,85851-549,884.535.953-66,Amapá,Porto Grande,1996-11-08,5,109.8,337,171,0.4,9.15
MARINEIDE,62,63883-742,240.318.912-84,Pará,São Félix do Xingu,1960-10-09,29,983.07,480,246,0.0,81.92
IURI,49,31145-823,282.413.206-55,Rondônia,Ouro Preto do Oeste,1974-06-24,51,1804.96,155,131,4.2,150.41
IEDA,60,77595-405,831.397.813-40,Amapá,Tartarugalzinho,1963-05-19,4,92.1,132,245,0.3,7.68
ADAIR,58,61242-125,673.761.719-23,Acre,Plácido de Castro,1965-08-10,38,826.37,187,96391,3.2,68.86
EVERSON,63,55044-468,761.720.181-17,Roraima,Rorainópolis,1960-04-20,52,1241.68,124,193,0.0,103.47
BEATRIS,12,94182-764,255.569.500-44,Amazonas,Itacoatiara,2010-11-26,5,191.88,359,212,0.4,15.99
YAGO,65,53474-599,769.119.133-49,Acre,Sena Madureira,1958-01-10,20,763.26,246,99109,1.7,63.6
EDVANIA,21,69959-246,283.474.979-93,Amazonas,Tefé,2002-04-01,31,1090.52,291,192,2.6,90.88
LAVINIA,59,59029-164,497.223.821-54,Amazonas,São Gabriel da Cachoeira,1964-04-08,25,804.83,271,118,2.1,67.07
ADRIAN,33,56627-375,535.678.928-63,Pará,Bragança,1990-07-11,32,832.34,332,123,2.7,69.36
JUREMA,22,13644-154,926.474.735-73,Rondônia,Porto Velho,2001-08-20,13,446.23,44948,181,0.0,37.19
RAISA,14,61868-724,727.834.315-88,Rondônia,Pimenta Bueno,2008-12-23,48,1760.19,121,255,4.0,226887.0
FRANCILENE,64,39684-807,687.337.832-62,Amapá,Laranjal do Jari,1959-03-22,11,379.92,139,152,0.9,31.66
GELSON,45,33741-892,684.655.118-53,Tocantins,Palmas,1978-01-28,11,410.41,56350,147,0.9,34.2
ELANE,18,27442-218,594.318.603-75,Pará,Abaetetuba,2004-10-02,55,1500.93,577,174,4.6,125.08
AGENOR,52,56251-737,392.127.464-94,Amazonas,Tabatinga,1970-12-06,15,537.27,493,214,1.2,44.77
EUGENIO,58,61044-207,294.183.142-98,Amazonas,Manicoré,1965-06-26,34,840.86,132,160,2.8,70.07
LUDIMILA,63,10103-820,383.933.167-15,Amazonas,Parintins,1959-10-19,40,1176.87,407,270,3.3,98.07
ILZA,53,73585-974,720.243.350-82,Amapá,Macapá,1970-05-07,34,978.59,406,146,2.8,81.55
WALACE,32,21298-422,969.798.812-78,Amazonas,Manicoré,1991-04-23,32,764.11,107,117,2.7,63.68
MARILZA,40,85059-783,124.114.494-34,Acre,Plácido de Castro,1983-03-04,5,125.79,18411,120,0.4,10.48
ADELINA,34,73219-923,189.661.754-20,Acre,Plácido de Castro,1989-05-12,28,829.78,334,218,94.0,69.15
JARDEL,59,56427-229,319.644.127-32,Amapá,Laranjal do Jari,1964-04-12,37,922.95,373,250,3.1,76.91
GRACIELE,41,88215-394,823.639.472-57,Amapá,Macapá,1982-06-19,40,1407.12,200928,153716,3.3,117.26
JADSON,39,70122-280,911.740.915-52,Amazonas,Tefé,1984-05-10,43,990.1,473,253,3.6,82.51
JOSEFINA,23,47717-918,574.692.871-70,Amapá,Oiapoque,2000-07-16,19,494.2,306,233,0.0,0.0
SHIRLEI,68,65788-687,496.576.977-93,Roraima,São João da Baliza,1955-04-30,20,562.85,157,256,1.7,46.9
DALILA,48,90285-288,543.597.138-83,Tocantins,Araguatins,1975-09-28,27,788.63,249,265,2.2,65.72
EMANOEL,26,62569-434,183.119.117-51,Pará,Parauapebas,1996-12-03,9,282.06,286,112,0.8,23.5
KELVIN,18,21023-588,753.412.811-82,Rondônia,Cacoal,2005-07-18,34,739.38,267,163,2.8,0.0
LEIA,69,18426-395,610.858.420-25,Roraima,Uiramutã,1954-09-26,23,539.4,458,65755,0.0,44.95
WILIAM,34,16953-763,228.849.649-45,Tocantins,Palmas,1988-11-11,40,1535.05,218,149,3.3,127.92
ELIEL,12,76781-346,828.930.634-17,Tocantins,Porto Nacional,2011-03-19,3,72.28,7920,140,0.2,6.02
IVANILDE,59,89904-887,225.991.228-52,Acre,Epitaciolândia,1963-11-21,27,800.14,277,253,2.2,66.68
ADRIEL,34,22519-761,936.100.561-50,Acre,Tarauacá,1988-12-02,4,140.71,292,145,0.3,11.73
ARIEL,66,73492-880,939.285.725-93,Pará,Belém,1957-07-05,13,432.37,501,0,0.0,36.03
RONALD,12,57217-318,452.366.944-96,Amapá,Mazagão,2010-11-06,26,864.74,117,102,2.2,72.06
NAIANE,37,63179-270,661.548.730-28,Rondônia,Ouro Preto do Oeste,1986-08-14,51,1576.62,190,267,4.2,131.38
RONI,62,39502-681,917.112.228-19,Rondônia,Jaru,1961-02-05,28,823.81,245,246,85.0,68.65
GETULIO,69,32924-309,177.325.287-69,Pará,Itaituba,1953-12-20,3,79.31,184,195,0.2,6.61
ISAAC,57,45987-433,428.492.253-53,Roraima,Caracaraí,1966-02-16,49,1734.17,253,256,86.0,144.51
JOSIVALDO,23,49222-106,110.229.791-38,Amazonas,Parintins,2000-02-11,28,967.08,562,135,88.0,80.59
ABEL,57,95942-649,658.823.390-30,Rondônia,Pimenta Bueno,1966-01-21,52,1529.93,561,221,0.0,127.49
NOEMI,64,61251-121,550.786.825-23,Amazonas,Manacapuru,1959-09-21,39,1272.17,287,163,3.2,106.01
NOELI,25,94807-454,560.218.858-81,Acre,Xapuri,1997-12-21,6,220.02,467,186,0.0,18.34
MARCELINO,35,46720-151,462.217.751-89,Pará,Bragança,1987-11-05,35,1104.38,128074,256,65.0,92.03
CAROLAINE,35,87649-829,568.278.427-58,Tocantins,Palmas,1988-04-15,43,1265.13,150338,186,3.6,105.43
NATALINA,20,69737-708,267.684.244-65,Roraima,Mucajaí,2003-06-17,1,26.65,289,262,0.0,2.22
JENNIFER,16,21467-888,715.600.753-54,Acre,Plácido de Castro,2007-01-18,55,1407.12,210417,171864,4.6,117.26
CAUE,61,84776-637,469.473.926-81,Roraima,Rorainópolis,1962-03-06,18,583.32,373,261,0.0,48.61
ALCIONE,50,43346-346,694.653.779-55,Tocantins,Formoso do Araguaia,1973-03-19,42,1325.26,514,265,68.0,110.44
CLEIDIANE,27,79573-965,767.642.688-40,Amapá,Pedra Branca do Amapari,1996-06-01,16,426.4,460,135,1.3,0.0
EUCLIDES,17,27031-458,544.770.782-37,Roraima,Uiramutã,2006-02-14,4,95.51,253,120,0.3,0.0
ELI,65,39002-776,203.164.336-19,Amapá,Tartarugalzinho,1958-08-03,7,183.57,553,219,88.0,15.3
GIOVANE,56,48973-119,430.608.997-78,Acre,Epitaciolândia,1967-09-28,18,437.49,287,136,0.0,36.46
ALBERTINA,43,60836-829,173.525.867-31,Amapá,Santana,1980-01-17,41,1092.65,440,231,0.0,91.05
TAISA,67,82927-208,659.111.413-78,Pará,Itaituba,1956-03-07,21,590.99,491,195,81.0,49.25
YAN,33,39540-293,255.172.323-28,Tocantins,Colinas do Tocantins,1990-07-26,22,576.92,438,156,1.8,48.08
YARA,17,60882-140,205.134.439-23,Tocantins,Colinas do Tocantins,2006-04-12,11,314.26,420,265,0.9,26.19
MARI,66,96660-927,219.743.103-41,Roraima,São Luiz,1957-01-17,16,402.52,182,172,1.3,33.54
MAGALI,23,29270-604,760.703.121-90,Rondônia,Ouro Preto do Oeste,2000-03-15,38,1012.7,523,124,3.2,84.39
AGUINALDO,62,50789-469,429.870.963-78,Amazonas,Coari,1961-07-19,24,798.22,177,83376,0.0,66.52
KAROLINE,26,16234-563,672.232.643-10,Tocantins,Porto Nacional,1997-06-18,47,1743.56,351,261,0.0,145.3
WEVERTON,40,81606-128,968.269.401-27,Tocantins,Formoso do Araguaia,1982-11-11,42,1146.17,269,176,96.0,95.51
KELY,17,99753-280,953.751.615-40,Amazonas,Manaus,2006-07-02,34,1051.08,134177,144,2.8,87.59
LARISA,67,31239-985,950.568.196-19,Amazonas,Coari,1956-04-08,27,754.09,336,182,2.2,62.84
MACIEL,12,75714-285,201.886.564-55,Rondônia,Jaru,2010-11-01,51,1370.03,272,238,4.2,114.17
WILMA,47,65523-965,711.769.784-65,Pará,Abaetetuba,1976-09-02,4,135.6,453,240,0.3,11.3
DARLAN,65,25303-810,996.119.535-20,Amazonas,Manacapuru,1958-07-17,5,149.24,0,265,0.4,12.44
EXPEDITO,69,66831-750,574.729.430-89,Roraima,Alto Alegre,1954-03-07,41,1258.74,502,191,0.0,0.0
EDIVANIA,31,12828-131,737.561.983-58,Tocantins,Gurupi,1992-03-15,26,859.2,573,229,2.2,71.6
CLODOALDO,36,74552-264,952.563.552-20,Rondônia,Pimenta Bueno,1987-02-06,20,656.66,446,198,1.7,54.72
NAZARE,54,41732-494,990.269.793-91,Amazonas,Manacapuru,1969-05-23,26,925.72,94905,187,2.2,77.14
ENIO,59,19187-190,468.815.150-72,Amazonas,Coari,1964-07-22,28,961.11,121,148,59.0,143345.0
ALOISIO,15,26621-963,595.565.449-50,Roraima,São João da Baliza,2008-04-15,27,892.24,490,152,2.2,74.35
JURACI,53,95573-588,704.177.924-56,Amazonas,Manacapuru,1970-09-29,4,106.6,354,176,0.3,8.88
ELVIS,37,31881-820,572.366.409-65,Tocantins,Paraíso do Tocantins,1986-08-28,51,1761.46,494,205,4.2,146.79
CREUSA,55,63421-663,671.570.456-57,Amapá,Laranjal do Jari,1968-03-30,12,417.02,402,184,0.0,34.75
JUCELIA,63,13734-742,557.308.464-54,Amazonas,Tefé,1960-09-05,12,383.76,360,102,0.0,31.98
CLAUDIANE,46,53079-487,322.138.934-15,Tocantins,Formoso do Araguaia,1977-02-08,19,445.59,47317,134,0.0,37.13
EDIVAN,47,28514-136,368.720.565-11,Pará,Castanhal,1976-02-14,31,779.89,166,138,2.6,64.99
GEISA,47,85521-575,102.864.735-20,Roraima,Caracaraí,1976-03-23,9,328.12,418,104,0.8,27.34
VALDELICE,30,23988-335,145.732.447-43,Amapá,Porto Grande,1992-12-21,24,787.99,200,209,0.0,65.67
LILIA,33,50485-505,659.458.605-15,Acre,Sena Madureira,1990-06-19,55,2075.51,531,179,4.6,172.96
CRISLAINE,44,95619-118,225.143.750-23,Amapá,Porto Grande,1979-02-27,6,188.04,452,223,0.0,15.67
EDNALVA,64,18462-670,966.254.718-16,Tocantins,Guaraí,1959-08-19,17,518.29,416,70474,1.4,43.19
TULIO,55,94064-468,859.444.629-94,Roraima,São Luiz,1967-10-02,34,978.59,127,147,2.8,81.55
ADELINO,14,15643-640,379.727.580-42,Pará,Ananindeua,2009-06-22,35,895.44,456,142,65.0,74.62
ROSENILDA,33,55144-955,928.563.897-35,Pará,Bragança,1990-04-04,31,912.07,305,222,2.6,76.01
MARLY,64,80937-855,595.526.370-49,Roraima,Uiramutã,1959-01-16,28,1050.65,141052,123,88.0,87.55
CLEIA,23,95794-378,408.937.758-94,Amapá,Laranjal do Jari,2000-03-09,55,1418.85,218,203,4.6,118.24
ANNE,61,27764-685,451.575.373-94,Pará,Castanhal,1962-03-08,15,415.74,0,256,1.2,34.65
TADEU,51,50736-232,670.213.584-96,Tocantins,Formoso do Araguaia,1972-04-20,50,1577.69,520,105,4.2,131.47
EDINALVA,24,92485-432,879.801.490-85,Pará,Abaetetuba,1999-06-01,13,412.97,183,106,0.0,34.41
BERENICE,13,90129-783,484.288.360-80,Amapá,Laranjal do Jari,2010-08-15,53,1898.34,0,268,0.0,158.2
IVANA,58,74622-135,681.456.342-78,Acre,Epitaciolândia,1965-09-13,23,838.52,119885,183,0.0,69.88
KAUANE,39,61680-514,142.192.387-20,Tocantins,Araguatins,1984-07-05,4,106.6,154,160,0.3,8.88
CLAUDIONOR,23,58041-839,908.811.201-70,Tocantins,Colinas do Tocantins,2000-06-25,29,698.66,361,228,0.0,58.22
EDINEIA,67,57706-851,778.507.417-38,Pará,Itaituba,1955-12-09,51,1217.8,351,145,4.2,101.48
VANUZA,50,25197-840,316.108.702-30,Tocantins,Guaraí,1973-06-18,22,609.75,384,212,1.8,50.81
SAVIO,64,32216-631,526.436.615-67,Amapá,Porto Grande,1959-03-13,18,610.18,436,265,0.0,50.85
JHONATA,22,42952-127,203.348.854-32,Tocantins,Paraíso do Tocantins,2001-09-18,39,1238.91,251,121,3.2,103.24
LUDMILA,24,57018-398,960.259.997-66,Tocantins,Guaraí,1999-08-14,54,1347.0,370,263,4.5,112.25
JUCELINO,50,46775-520,805.131.652-54,Amapá,Porto Grande,1972-12-12,47,1342.74,475,256,0.0,111.9
KAMILA,44,13312-883,498.989.857-29,Acre,Tarauacá,1978-11-06,27,857.71,538,151,2.2,71.48
LINDINALVA,48,26555-562,556.813.425-31,Rondônia,Rolim de Moura,1975-06-28,25,596.96,576,138,2.1,49.75
WILTON,31,17449-635,727.725.322-23,Pará,Parauapebas,1992-04-04,36,1013.13,429,171,0.0,84.43
FRANCINE,63,42296-310,622.339.944-67,Rondônia,Jaru,1960-09-05,54,1577.26,214,123,4.5,131.44
RIVALDO,57,60513-247,528.707.270-28,Pará,Belém,1965-10-26,10,356.05,40263,175,0.8,29.67
GIVALDO,69,79453-422,437.255.261-23,Amazonas,Itacoatiara,1954-01-15,40,912.5,272,159,3.3,76.04
SUSANA,49,32787-828,645.937.773-84,Tocantins,Colinas do Tocantins,1973-10-31,19,417.23,474,222,0.0,34.77
AGATA,47,15231-742,725.486.195-93,Tocantins,Porto Nacional,1976-02-15,34,913.35,456,241,2.8,76.11
ZILMA,27,19871-671,361.835.410-64,Acre,Sena Madureira,1995-12-08,27,978.59,422,210,2.2,81.55
MARIVALDO,57,92077-320,787.264.604-74,Acre,Rio Branco,1966-01-25,6,197.0,23086,183,0.0,16.42
LENI,67,39134-309,525.602.465-47,Amazonas,Tabatinga,1956-02-23,18,686.93,137,149,0.0,57.24
KAILANE,48,18810-306,600.221.579-74,Amapá,Santana,1975-02-23,27,610.18,520,198,2.2,50.85
ALICIA,18,11364-890,637.889.125-75,Acre,Xapuri,2005-04-12,44,1529.08,280,192,3.7,127.42
FRANCINETE,28,24702-507,825.232.978-36,Rondônia,Vilhena,1995-04-05,35,1149.15,322,249,88.0,95.76
CAROL,45,85057-881,950.339.854-58,Pará,Castanhal,1978-04-21,48,1524.81,251,151,4.0,127.07
JESICA,62,25449-341,938.260.459-13,Amapá,Mazagão,1961-07-10,35,1089.46,329,110,95.0,152048.0
HUDSON,68,96829-597,622.474.693-41,Amapá,Macapá,1954-10-20,44,1116.32,378,119,3.7,93.03
ARIANA,17,28879-650,682.566.834-28,Amazonas,Tabatinga,2005-10-22,26,803.77,530,133,2.2,66.98
ISABELI,28,48863-220,714.951.605-97,Amazonas,Manacapuru,1995-04-25,46,1382.82,512,223,0.0,115.24
LEONILDA,57,22458-842,518.148.387-61,Rondônia,Ouro Preto do Oeste,1966-08-17,33,1104.59,145687,144,2.8,92.05
ROSIMAR,30,93890-772,383.896.179-49,Amazonas,Manacapuru,1993-04-28,11,321.29,41442,152,0.9,26.77
GUILERME,30,42744-763,163.678.959-24,Tocantins,Araguaína,1992-12-21,33,1139.77,165235,197,2.8,94.98
ZULEIDE,31,19109-927,348.725.915-15,Acre,Tarauacá,1992-09-08,9,199.56,221,122,0.8,16.63
NILVA,22,84417-801,825.980.794-65,Amazonas,Manicoré,2001-07-30,23,559.01,241,185,0.0,46.58
RAYSSA,47,62767-687,250.598.167-43,Pará,Parauapebas,1975-11-03,38,1263.85,172873,257,3.2,105.32
SANTA,42,61821-458,785.289.132-30,Amapá,Mazagão,1981-02-18,18,437.49,220,173,0.0,36.46
OSWALDO,56,91815-302,179.222.906-83,Tocantins,Araguatins,1967-07-22,13,351.99,398,252,0.0,29.33
VALDINEIA,12,66441-886,235.433.450-90,Amapá,Mazagão,2011-06-14,25,810.16,447,0,2.1,67.51
MARCIEL,26,28770-181,935.746.589-16,Rondônia,Pimenta Bueno,1997-03-18,8,305.3,118,239,0.7,25.44
IDALINA,63,81556-571,847.608.954-38,Rondônia,Vilhena,1960-08-08,7,198.49,359,172,59.0,16.54
MERCIA,66,66889-352,789.359.651-44,Acre,Sena Madureira,1957-04-23,26,814.85,422,207,2.2,67.9
AROLDO,16,67738-113,574.937.948-57,Tocantins,Araguaína,2007-02-16,35,1186.46,0,159,59.0,98.87
KESIA,68,56747-634,191.896.617-44,Amazonas,Tabatinga,1955-06-08,19,417.23,205,216,0.0,34.77
ELDER,29,78586-165,292.717.458-32,Pará,São Félix do Xingu,1994-02-12,30,735.54,354,231,0.0,61.29
EDILAINE,66,24559-810,312.616.143-51,Rondônia,Guajará-Mirim,1957-06-26,35,1238.7,101,157,100.0,103.22
KENIA,62,86777-788,680.738.971-21,Amazonas,Humaitá,1960-12-09,45,1563.83,580,200,3.8,130.32
MAURILIO,21,90307-204,329.771.436-33,Tocantins,Araguatins,2001-10-18,10,353.91,146,229,0.8,29.49
JULIETA,20,36059-603,366.700.986-51,Pará,Bragança,2003-06-01,35,955.14,410,123,71.0,0.0
SOPHIA,56,42651-533,344.699.405-71,Amazonas,Manicoré,1967-07-01,39,889.69,225,226,3.2,74.14
RUBIA,22,68256-488,859.697.743-74,Pará,Santarém,2001-01-24,50,1780.23,207834,114,4.2,148.35
HIGOR,68,63008-519,740.769.795-56,Tocantins,Araguatins,1955-02-09,22,628.52,211,237,1.8,52.38
MARCILIO,41,95476-407,760.256.935-81,Amapá,Calçoene,1981-10-16,41,917.83,515,112,0.0,76.49
PIETRO,16,10855-890,884.246.682-81,Roraima,Caracaraí,2007-01-21,28,770.08,498,109889,97.0,64.17
MERCEDES,67,52205-945,614.996.587-76,Roraima,Bonfim,1956-04-21,43,1466.82,148,228,3.6,122.24
SUELEM,50,33598-971,431.516.149-91,Roraima,Uiramutã,1973-04-10,3,111.93,539,188,0.2,9.33
ADALTO,19,82929-945,457.404.212-40,Amazonas,Parintins,2003-11-30,14,447.72,158,103,68.0,37.31
IVANIR,45,65445-944,438.798.197-89,Acre,Rio Branco,1978-07-30,47,1422.9,146,205,0.0,118.58
ELISABETH,62,58531-598,893.995.820-68,Roraima,Pacaraima,1960-11-10,22,586.3,409,248,1.8,48.86
JOSE,57,47109-640,608.341.816-27,Roraima,Bonfim,1966-09-23,38,1199.04,162,197,3.2,99.92
STEFANY,34,22580-170,283.948.175-43,Rondônia,Pimenta Bueno,1989-02-10,16,378.64,315,178,1.3,31.55
ERNESTO,53,93589-361,358.132.957-72,Amazonas,Tabatinga,1969-12-31,5,153.5,285,134,0.4,12.79
MARCIANO,21,11133-434,937.941.625-57,Tocantins,Palmas,2002-03-12,11,422.14,448,223,0.9,35.18
IRMA,15,58870-429,575.356.867-45,Acre,Tarauacá,2007-11-28,51,1717.97,285,133,4.2,0.0
OTACILIO,56,92122-604,604.102.570-93,Amapá,Santana,1967-07-15,48,1207.57,267,198,4.0,100.63
CASSIANO,31,87268-671,100.434.586-69,Amazonas,Manaus,1991-12-10,9,303.17,31244,269,0.8,25.26
GLEISON,19,44377-792,695.375.572-36,Tocantins,Guaraí,2003-12-08,8,213.2,173,253,0.7,17.77
ANTENOR,25,28780-217,632.653.507-12,Acre,Cruzeiro do Sul,1997-10-01,37,938.72,359,186,3.1,78.23
GABRIELLE,58,44288-989,634.802.796-57,Amapá,Calçoene,1965-04-25,31,1143.4,300,208,2.6,95.28
ELISETE,31,57272-671,940.833.793-48,Pará,Marabá,1992-04-02,52,1197.34,499,155322,0.0,99.78
HELLEN,25,57479-936,248.581.786-23,Acre,Epitaciolândia,1997-11-14,24,767.52,423,217,0.0,63.96
JANIO,31,15515-765,740.961.951-20,Rondônia,Cacoal,1992-08-08,2,50.32,190,222,0.2,4.19
ADEMILSON,29,92266-830,972.905.743-72,Amazonas,Itacoatiara,1993-12-25,5,139.65,115,152,0.4,11.64
RENE,35,75845-444,524.858.199-83,Roraima,Caracaraí,1988-01-28,52,1341.46,159,269,0.0,111.79
ENI,56,39487-435,976.813.267-90,Rondônia,Rolim de Moura,1967-05-07,23,529.59,172,169,0.0,44.13
CLARISSE,14,36028-415,461.551.291-39,Rondônia,Ji-Paraná,2009-01-20,11,382.27,243,149,0.9,31.86
CLAUDIANA,24,52192-888,796.516.146-84,Roraima,São João da Baliza,1998-10-24,16,378.64,392,153,1.3,31.55
ELCIO,12,96562-318,863.507.326-68,Acre,Epitaciolândia,2011-08-14,14,513.39,253,0,96.0,42.78
EMILIO,68,59945-716,281.292.591-41,Acre,Cruzeiro do Sul,1955-04-09,51,1804.96,272,160,4.2,150.41
SIDINEI,69,22618-902,610.654.226-55,Pará,Belém,1954-07-02,14,414.89,480,101,73.0,34.57
GIVANILDO,14,17754-466,997.387.990-41,Acre,Sena Madureira,2009-08-01,23,764.96,151,228,0.0,63.75
THAINA,35,53506-869,973.923.318-13,Tocantins,Araguaína,1988-06-26,29,1069.63,145125,243,0.0,89.14
LENIR,52,83444-985,884.710.361-57,Acre,Brasiléia,1971-03-07,53,1468.95,233,125,0.0,122.41
JESSE,63,26984-302,104.428.927-79,Tocantins,Palmas,1960-08-27,42,904.4,125,241,74.0,75.37
CEZAR,66,25065-266,606.135.966-96,Roraima,Rorainópolis,1957-03-29,36,1158.96,149583,207,0.0,96.58
THALITA,65,35037-330,990.298.362-64,Pará,Castanhal,1958-09-04,52,1651.88,318,177,0.0,137.66
IVANEIDE,56,38269-668,487.507.989-89,Acre,Brasiléia,1967-04-01,41,1162.58,368,256,0.0,96.88
RAI,52,15350-156,953.830.231-67,Tocantins,Guaraí,1970-10-01,45,1045.75,369,193,3.8,87.15
ISABELLE,14,51156-154,768.873.931-23,Roraima,Pacaraima,2009-04-01,11,330.67,196,154,0.9,27.56
ABRAAO,28,20956-784,836.593.819-42,Amazonas,Manicoré,1995-09-20,27,656.23,489,215,2.2,54.69
PAULINA,64,35263-602,125.340.458-40,Amapá,Porto Grande,1959-07-01,41,882.86,575,121,0.0,73.57
EDMUNDO,27,50068-865,964.523.955-76,Pará,Abaetetuba,1996-09-27,53,1593.25,478,0,0.0,132.77
JOILSON,51,94079-485,923.832.153-44,Amapá,Macapá,1972-05-20,4,110.86,217,214,0.3,9.24
GISELI,46,20467-645,384.264.581-63,Amapá,Porto Grande,1976-10-06,30,984.99,255,174,0.0,82.08
